attribute,gap,estimate,ci_low,ci_high
race,demographic_parity_gap,0.0671776106254659,0.05169574984672109,0.1686285497780473
race,tpr_gap,0.157495256166983,0.08815766819749632,0.480062937062937
race,fpr_gap,0.062830985865656,0.04588718095685599,0.15849368464364158
race,precision_gap,0.09957845433255269,0.05262437912952781,0.2113517132588033
race,equalized_odds_gap,0.157495256166983,0.10291684243302392,0.480062937062937
gender,demographic_parity_gap,0.007354382763469114,0.0003992809216473672,0.023980573539173444
gender,tpr_gap,0.0007255472011108433,0.0008710559310300681,0.0503033439817654
gender,fpr_gap,0.00815225267020786,0.0003192046911728266,0.024765567986844067
gender,precision_gap,0.002300334634705109,0.00024092194388138297,0.019306810760608986
gender,equalized_odds_gap,0.00815225267020786,0.0034263377537825214,0.0503033439817654
race_gender,demographic_parity_gap,0.10841877396613547,0.10233256758698417,0.2811262509634826
race_gender,tpr_gap,0.24060150375939854,0.25805138339920947,0.8336538461538459
race_gender,fpr_gap,0.11119671289162819,0.09732200349793582,0.2673856159226915
race_gender,precision_gap,0.15588235294117647,0.10586127695793125,0.3245441218535469
race_gender,equalized_odds_gap,0.24060150375939854,0.259984962406015,0.8336538461538459
