seed,attribute,demographic_parity_gap,tpr_gap,fpr_gap,precision_gap,equalized_odds_gap
0,race,0.0671776106254659,0.157495256166983,0.062830985865656,0.09957845433255269,0.157495256166983
0,gender,0.007354382763469114,0.0007255472011108433,0.00815225267020786,0.002300334634705109,0.00815225267020786
0,race_gender,0.10841877396613547,0.24060150375939854,0.11119671289162819,0.15588235294117647,0.24060150375939854
1,race,0.14795787516687225,0.16785714285714287,0.141346195766336,0.08035714285714285,0.16785714285714287
1,gender,0.02184656184883499,0.03297244559145196,0.020688893089790605,0.0018839666133366184,0.03297244559145196
1,race_gender,0.1871169368972389,0.5555555555555556,0.18127612385908043,0.14123376623376624,0.5555555555555556
2,race,0.1274801836174173,0.4848484848484849,0.10707520968626072,0.10054545454545456,0.4848484848484849
2,gender,0.025884670690378864,0.008540740740740738,0.028524348837387747,0.011119459716950802,0.028524348837387747
2,race_gender,0.18081047818359566,0.6025641025641026,0.18866696256842724,0.171875,0.6025641025641026
3,race,0.13074103897472178,0.3619909502262443,0.1142131051630832,0.16129380053908354,0.3619909502262443
3,gender,0.015210387030114625,0.0008745324972554425,0.01857044160844007,0.012580923743705341,0.01857044160844007
3,race_gender,0.21219071448429244,0.5208333333333334,0.17326732673267325,0.23992229237493928,0.5208333333333334
4,race,0.14357278718980845,0.40465116279069774,0.16879041625491928,0.1404151404151404,0.40465116279069774
4,gender,0.030790301348584848,0.0606829463570856,0.025009737628531037,0.015509624255255039,0.0606829463570856
4,race_gender,0.15355856617910418,0.6956521739130435,0.20285753456852992,0.3138173302107728,0.6956521739130435
5,race,0.13074876689806358,0.3017241379310345,0.11365176529556206,0.11365211365211367,0.3017241379310345
5,gender,0.01369441644041186,0.009958480582430429,0.013289477217852286,0.0022108337579906656,0.013289477217852286
5,race_gender,0.1705901856763926,0.46666666666666673,0.17566137566137563,0.2578616352201258,0.46666666666666673
6,race,0.17104103733322903,0.2882882882882883,0.1626167806792914,0.035367143003308205,0.2882882882882883
6,gender,0.0372609570258034,0.03020400668071599,0.036643626879586055,0.00022797204068519816,0.036643626879586055
6,race_gender,0.20365873444386226,0.6125,0.18534597534996955,0.10317460317460317,0.6125
7,race,0.09478330658105938,0.1492673992673993,0.09379828627616238,0.04640498127813539,0.1492673992673993
7,gender,0.012702861642635177,0.012576277169801808,0.013161226897691836,0.007249052900612868,0.013161226897691836
7,race_gender,0.1651265056401759,0.22898550724637678,0.14727195225916456,0.07500000000000001,0.22898550724637678
8,race,0.12944513790625756,0.14592933947772657,0.11769474470295321,0.06852497096399535,0.14592933947772657
8,gender,0.017208239763459754,0.04156617918079031,0.01236336672580246,0.014097308323052865,0.04156617918079031
8,race_gender,0.15354538476300134,0.2976190476190476,0.13652718550106613,0.11666666666666668,0.2976190476190476
9,race,0.0977016150444156,0.38841698841698846,0.10106183802289506,0.15226030799801293,0.38841698841698846
9,gender,0.021226935901929367,0.004475922690759138,0.024108838812789246,0.01341377559670659,0.024108838812789246
9,race_gender,0.1464841906559698,0.4677871148459383,0.16970652504633088,0.29435483870967744,0.4677871148459383
10,race,0.10113769162026537,0.24242424242424243,0.10049105758296287,0.1470338262791093,0.24242424242424243
10,gender,0.011549066260169771,0.038253230485232104,0.008517910527147954,0.004826684107259643,0.038253230485232104
10,race_gender,0.30034982508745633,0.4642857142857143,0.2339622641509434,0.24285714285714285,0.4642857142857143
11,race,0.09547560415710171,0.20967741935483875,0.0964604539315479,0.05005005005005003,0.20967741935483875
11,gender,0.01716487752552487,0.05333152084012338,0.013072756080364845,0.004884297986560371,0.05333152084012338
11,race_gender,0.18017730496453904,0.36996336996337,0.15889303482587064,0.1483050847457627,0.36996336996337
12,race,0.13763319812184008,0.39879978177850517,0.11499904480753773,0.21231126596980254,0.39879978177850517
12,gender,0.017316236352720227,0.046004380947313406,0.014912676213022336,0.002223285043965184,0.046004380947313406
12,race_gender,0.22759790154204865,0.5247058823529411,0.17228249882067526,0.2834138486312399,0.5247058823529411
13,race,0.1653538283062645,0.425,0.14849017670309234,0.09814687714481812,0.425
13,gender,0.0406802015002517,0.019068578984359097,0.04135759662361416,0.0010200816065285,0.04135759662361416
13,race_gender,0.21549462083442672,0.5555555555555556,0.21415839062897885,0.16358024691358025,0.5555555555555556
14,race,0.12281182135775659,0.16428571428571426,0.14502085070892407,0.08439798683701122,0.16428571428571426
14,gender,0.013327913753145404,0.027081903454587053,0.012603345264893928,0.004257813638805397,0.027081903454587053
14,race_gender,0.16712322765560544,0.5238095238095237,0.17416058394160586,0.29411764705882354,0.5238095238095237
15,race,0.09533502800174765,0.3058823529411765,0.12927892806607177,0.21052631578947367,0.3058823529411765
15,gender,0.018607225651301462,0.007525938009282029,0.020846563850583477,0.004692055393585998,0.020846563850583477
15,race_gender,0.19527649769585256,0.5333333333333334,0.22596216347594095,0.29583975346687214,0.5333333333333334
16,race,0.1559016783498362,0.290249433106576,0.1412394302252994,0.14743589743589744,0.290249433106576
16,gender,0.022005609011605365,0.03225108650763997,0.021445284872330994,0.004517144710276644,0.03225108650763997
16,race_gender,0.20214981933801718,0.3406593406593407,0.18246879477717506,0.29464285714285715,0.3406593406593407
17,race,0.10338580121466606,0.21111111111111114,0.11288111834228337,0.08412121212121212,0.21111111111111114
17,gender,0.01992505466420419,0.009128689301781456,0.025050990193918488,0.020088025756074657,0.025050990193918488
17,race_gender,0.1678004535147392,0.37777777777777777,0.15962005801040005,0.14434523809523808,0.37777777777777777
18,race,0.1316339587514248,0.3055555555555556,0.12605346481624424,0.16060150375939847,0.3055555555555556
18,gender,0.01786965723665268,0.029427793344705244,0.015711324386100067,0.004813375379905893,0.029427793344705244
18,race_gender,0.18141879681443723,0.6239316239316239,0.16981191828679632,0.21721311475409835,0.6239316239316239
19,race,0.17109354853389558,0.3611111111111111,0.14193608151922188,0.12633573722166658,0.3611111111111111
19,gender,0.030471554028255077,0.03853591892625319,0.03007201856989611,0.00632184321403037,0.03853591892625319
19,race_gender,0.206405288351949,0.6470588235294117,0.1849415204678363,0.2059612518628912,0.6470588235294117
