attribute,group,n_mean,n_std,positives_mean,positives_std,selection_rate_mean,selection_rate_std,tpr_mean,tpr_std,fpr_mean,fpr_std,precision_mean,precision_std
gender,Female,10696.85,120.30587114342737,1227.45,41.82856616438604,0.40687670817686145,0.04106162377876868,0.6078506877078329,0.04145060624255028,0.3808233119272165,0.04108468922772233,0.17194572196741592,0.007526917004014229
gender,Male,9171.45,115.07822282439506,1045.35,42.50482944696736,0.38627185265488884,0.04159562346940593,0.585701925430974,0.04448543710387893,0.36061817807971897,0.041512931706355144,0.1733736918526305,0.008799655051731308
race,AfricanAmerican,3770.45,88.83543330522076,430.15,31.464725445622776,0.3966040498699668,0.04051589173131676,0.5930653462312604,0.04505464691251159,0.3713292092638935,0.040149654956568956,0.1708976421298794,0.010848077447524987
race,Asian,125.6,13.766473385500158,13.9,3.837488213594106,0.3400607708785195,0.07022367188455887,0.6753948715393728,0.12515338354440766,0.2988100561034793,0.06744335504172806,0.21981912389367902,0.05246207214515175
race,Caucasian,14827.85,123.27388206753298,1720.4,42.242906598560836,0.40268450618735796,0.04173923671136955,0.5999308502665925,0.043522984294671656,0.3767892843943953,0.04168364937049127,0.17339292656248834,0.007174162871856423
race,Hispanic,403.65,23.06575269459944,42.4,6.302881546520898,0.36080227615623006,0.05328556946331701,0.6382249598491977,0.07354659941073732,0.3278191633628534,0.053571499129920284,0.18797897312597403,0.03428495428294784
race,Other,297.75,16.533458898787462,30.15,5.29423718475297,0.37288484687450857,0.05241121117151258,0.6030356039826166,0.08006978117088769,0.3463741053037553,0.05598471964767399,0.16661421057349374,0.040680789960310784
race,Unknown,443.0,16.908422068368935,35.8,4.572227373818448,0.2899834940805069,0.04676755811805287,0.44669067986379885,0.08280086709770716,0.27612368657268543,0.046896650204236806,0.12534415400024063,0.026354456202655693
race_gender,AfricanAmerican / Female,2298.6,66.28360121080996,256.4,26.986156295014442,0.3942727061024017,0.04205902758163576,0.5965223052029096,0.049472183082108406,0.36891165980965346,0.04093545874068104,0.16884018954830643,0.014189069208546946
race_gender,AfricanAmerican / Male,1471.85,51.51216003604339,173.75,15.999588810505834,0.39987617343041076,0.04159912658010904,0.5858974221134203,0.053329366516789406,0.37489099390825353,0.04155844785950875,0.17347550730319158,0.018296175049944772
race_gender,Asian / Female,64.35,10.9172726495798,5.35,2.0589982234597786,0.3311855139637051,0.08550726422182037,0.6809325396825396,0.19766762675715793,0.3006983818689461,0.08347990179872336,0.17029440989580308,0.06990364309537772
race_gender,Asian / Male,61.25,10.740356751891193,8.55,3.5905577927611603,0.34558506806408806,0.08623174390307134,0.6629131979131979,0.1727004967881183,0.295170144254043,0.08057990060473706,0.26270658889558607,0.09329239104668724
race_gender,Caucasian / Female,7749.7,114.64411752990438,912.65,33.70659001629081,0.41709204335958266,0.04196846847650444,0.6143607809788645,0.04279089381238638,0.3907489365586291,0.042222761373672126,0.17401913547400502,0.008864080545474239
race_gender,Caucasian / Male,7078.15,124.92872704908696,807.75,37.43749176258586,0.3868342841394129,0.04208632493127047,0.5834107005955127,0.04852093737073232,0.361506962726397,0.04172269803524662,0.17258120672442984,0.00957391317473047
race_gender,Hispanic / Female,217.55,17.72442560868743,20.5,3.720497985909668,0.34676546260311747,0.06071027879162191,0.6192945607258981,0.12529800647490622,0.3179340606691886,0.05877273365388452,0.16979959472210446,0.042088448806981475
race_gender,Hispanic / Male,186.1,14.208596360172804,21.9,5.7665094796546885,0.3772332997215718,0.05565594845667885,0.6551765439968765,0.08712937121827154,0.33990338501450346,0.06128298390259359,0.20693843003545007,0.05798208533912985
race_gender,Other / Female,146.1,16.695098555847867,15.95,4.173538193503395,0.37540536150404535,0.0648386996047542,0.5781020064816504,0.13682999821057829,0.34964555341257036,0.063306722735358,0.16976567689222416,0.05343757495853532
race_gender,Other / Male,151.65,10.449250791576551,14.2,3.286335345030997,0.3673048815388532,0.07039828457670594,0.6143363073974528,0.12764469449601273,0.3409969109470171,0.07272363432915424,0.16072577356906906,0.049427427313072925
race_gender,Unknown / Female,220.55,13.41827112559588,16.6,3.74727971509439,0.2750522239453552,0.04485639577103086,0.3746093785310874,0.1194929768802986,0.2669201440105399,0.048516029841368186,0.10406629957670499,0.041973957784890124
race_gender,Unknown / Male,222.45,16.093395180043665,19.2,3.7780529655533304,0.30448999859044423,0.05736664257238361,0.5076989480770945,0.10986343190827938,0.2851922080741526,0.05586785296784226,0.14422854833381482,0.03362421595973168
