group,n,positives,selection_rate,tpr,fpr,precision,seed,attribute
AfricanAmerican,3674,407,0.4447468698965705,0.6240786240786241,0.42240587695133147,0.1554467564259486,0,race
Asian,145,17,0.4206896551724138,0.7058823529411765,0.3828125,0.19672131147540983,0,race
Caucasian,14757,1666,0.4471776106254659,0.6410564225690276,0.42250401038881674,0.16184270343991514,0,race
Hispanic,400,33,0.38,0.6060606060606061,0.35967302452316074,0.13157894736842105,0,race
Other,318,27,0.4119496855345912,0.5925925925925926,0.3951890034364261,0.12213740458015267,0,race
Unknown,445,31,0.39325842696629215,0.5483870967741935,0.38164251207729466,0.09714285714285714,0,race
Female,10521,1163,0.44682064442543484,0.6362854686156492,0.42327420388972004,0.1574133163156775,0,gender
Male,9218,1018,0.43946626166196573,0.6355599214145383,0.4151219512195122,0.15971365095038262,0,gender
AfricanAmerican / Female,2197,228,0.42967683204369594,0.618421052631579,0.40782122905027934,0.149364406779661,0,race_gender
AfricanAmerican / Male,1477,179,0.46716316858496953,0.6312849162011173,0.4445300462249615,0.16376811594202897,0,race_gender
Asian / Female,78,7,0.4230769230769231,0.7142857142857143,0.39436619718309857,0.15151515151515152,0,race_gender
Asian / Male,67,10,0.417910447761194,0.7,0.3684210526315789,0.25,0,race_gender
Caucasian / Female,7626,873,0.45803829006031993,0.6471935853379153,0.43358507330075524,0.1617520755797309,0,race_gender
Caucasian / Male,7131,793,0.43556303463749824,0.6343001261034048,0.41069738087724833,0.16194462330972312,0,race_gender
Hispanic / Female,223,22,0.35874439461883406,0.5909090909090909,0.3333333333333333,0.1625,0,race_gender
Hispanic / Male,177,11,0.4067796610169492,0.6363636363636364,0.39156626506024095,0.09722222222222222,0,race_gender
Other / Female,155,14,0.3935483870967742,0.5,0.3829787234042553,0.11475409836065574,0,race_gender
Other / Male,163,13,0.4294478527607362,0.6923076923076923,0.4066666666666667,0.12857142857142856,0,race_gender
Unknown / Female,242,19,0.371900826446281,0.47368421052631576,0.3632286995515695,0.1,0,race_gender
Unknown / Male,203,12,0.4187192118226601,0.6666666666666666,0.4031413612565445,0.09411764705882353,0,race_gender
AfricanAmerican,3626,400,0.3728626585769443,0.6025,0.3443893366398016,0.17825443786982248,1,race
Asian,108,8,0.37037037037037035,0.625,0.35,0.125,1,race
Caucasian,14942,1732,0.3877660286440905,0.5900692840646651,0.3612414837244512,0.17638936831204693,1,race
Hispanic,408,45,0.29901960784313725,0.5333333333333333,0.2699724517906336,0.19672131147540983,1,race
Other,307,39,0.36482084690553745,0.5897435897435898,0.332089552238806,0.20535714285714285,1,race
Unknown,417,35,0.23980815347721823,0.45714285714285713,0.2198952879581152,0.16,1,race
Female,10558,1199,0.389846561848835,0.6046705587989991,0.36232503472593225,0.1761418853255588,1,gender
Male,9250,1060,0.368,0.5716981132075472,0.34163614163614164,0.17802585193889542,1,gender
AfricanAmerican / Female,2241,243,0.3717090584560464,0.6049382716049383,0.3433433433433433,0.17647058823529413,1,race_gender
AfricanAmerican / Male,1385,157,0.3747292418772563,0.5987261146496815,0.34609120521172637,0.1811175337186898,1,race_gender
Asian / Female,58,2,0.3793103448275862,1.0,0.35714285714285715,0.09090909090909091,1,race_gender
Asian / Male,50,6,0.36,0.5,0.3409090909090909,0.16666666666666666,1,race_gender
Caucasian / Female,7681,894,0.40346309074339276,0.6118568232662193,0.3760129659643436,0.17650855114553082,1,race_gender
Caucasian / Male,7261,838,0.3711609971078364,0.5668257756563246,0.3456328818309201,0.17625231910946196,1,race_gender
Hispanic / Female,222,22,0.2747747747747748,0.5,0.25,0.18032786885245902,1,race_gender
Hispanic / Male,186,23,0.3279569892473118,0.5652173913043478,0.294478527607362,0.21311475409836064,1,race_gender
Other / Female,148,20,0.3783783783783784,0.5,0.359375,0.17857142857142858,1,race_gender
Other / Male,159,19,0.3522012578616352,0.6842105263157895,0.30714285714285716,0.23214285714285715,1,race_gender
Unknown / Female,208,18,0.21634615384615385,0.4444444444444444,0.19473684210526315,0.17777777777777778,1,race_gender
Unknown / Male,209,17,0.2631578947368421,0.47058823529411764,0.24479166666666666,0.14545454545454545,1,race_gender
AfricanAmerican,3829,454,0.3946200052232959,0.5903083700440529,0.3682962962962963,0.17736598279285243,2,race
Asian,136,11,0.3235294117647059,0.8181818181818182,0.28,0.20454545454545456,2,race
Caucasian,14743,1757,0.3986298582378078,0.5919180421172453,0.3724780532881565,0.1769610345414327,2,race
Hispanic,378,39,0.3439153439153439,0.5897435897435898,0.31563421828908556,0.17692307692307693,2,race
Other,301,30,0.3089700996677741,0.6333333333333333,0.2730627306273063,0.20430107526881722,2,race
Unknown,461,39,0.27114967462039047,0.3333333333333333,0.26540284360189575,0.104,2,race
Female,10703,1250,0.4039054470709147,0.5928,0.37892732465883844,0.1714087439278279,2,gender
Male,9145,1080,0.37802077638053583,0.5842592592592593,0.3504029758214507,0.1825282036447787,2,gender
AfricanAmerican / Female,2360,271,0.39872881355932205,0.5977859778597786,0.37290569650550504,0.17215727948990436,2,race_gender
AfricanAmerican / Male,1469,183,0.3880190605854323,0.5792349726775956,0.3608087091757387,0.18596491228070175,2,race_gender
Asian / Female,72,5,0.2916666666666667,0.8,0.2537313432835821,0.19047619047619047,2,race_gender
Asian / Male,64,6,0.359375,0.8333333333333334,0.3103448275862069,0.21739130434782608,2,race_gender
Caucasian / Female,7679,920,0.41320484438077876,0.5934782608695652,0.38866696256842725,0.1720768988339111,2,race_gender
Caucasian / Male,7064,837,0.3827859569648924,0.5902031063321386,0.35490605427974947,0.18269230769230768,2,race_gender
Hispanic / Female,215,23,0.29767441860465116,0.6086956521739131,0.2604166666666667,0.21875,2,race_gender
Hispanic / Male,163,16,0.4049079754601227,0.5625,0.3877551020408163,0.13636363636363635,2,race_gender
Other / Female,159,18,0.37735849056603776,0.6666666666666666,0.3404255319148936,0.2,2,race_gender
Other / Male,142,12,0.2323943661971831,0.5833333333333334,0.2,0.21212121212121213,2,race_gender
Unknown / Female,218,13,0.29357798165137616,0.23076923076923078,0.2975609756097561,0.046875,2,race_gender
Unknown / Male,243,26,0.25102880658436216,0.38461538461538464,0.2350230414746544,0.16393442622950818,2,race_gender
AfricanAmerican,3869,483,0.46239338330317914,0.6563146997929606,0.43473124630832843,0.1771939631078815,3,race
Asian,110,17,0.4818181818181818,0.8235294117647058,0.41935483870967744,0.2641509433962264,3,race
Caucasian,14871,1714,0.48752605742720734,0.6721120186697783,0.46347951660712927,0.15889655172413794,3,race
Hispanic,433,38,0.4387990762124711,0.6578947368421053,0.4177215189873418,0.13157894736842105,3,race
Other,287,29,0.5087108013937283,0.7241379310344828,0.4844961240310077,0.14383561643835616,3,race
Unknown,463,39,0.3779697624190065,0.46153846153846156,0.37028301886792453,0.10285714285714286,3,race
Female,10629,1205,0.48649920030106314,0.6663900414937759,0.4634974533106961,0.1552891123573777,3,gender
Male,9404,1115,0.4712888132709485,0.6672645739910313,0.444927011702256,0.16787003610108303,3,gender
AfricanAmerican / Female,2343,282,0.4558258642765685,0.6382978723404256,0.43085880640465796,0.16853932584269662,3,race_gender
AfricanAmerican / Male,1526,201,0.4724770642201835,0.681592039800995,0.44075471698113206,0.1900138696255201,3,race_gender
Asian / Female,49,6,0.4897959183673469,0.8333333333333334,0.4418604651162791,0.20833333333333334,3,race_gender
Asian / Male,61,11,0.47540983606557374,0.8181818181818182,0.4,0.3103448275862069,3,race_gender
Caucasian / Female,7648,865,0.5014382845188284,0.6774566473988439,0.4789915966386555,0.1528031290743155,3,race_gender
Caucasian / Male,7223,849,0.4727952374359684,0.6666666666666666,0.4469720740508315,0.16573938506588579,3,race_gender
Hispanic / Female,239,20,0.42677824267782427,0.7,0.4018264840182648,0.13725490196078433,3,race_gender
Hispanic / Male,194,18,0.4536082474226804,0.6111111111111112,0.4375,0.125,3,race_gender
Other / Female,132,16,0.5378787878787878,0.8125,0.5,0.18309859154929578,3,race_gender
Other / Male,155,13,0.4838709677419355,0.6153846153846154,0.47183098591549294,0.10666666666666667,3,race_gender
Unknown / Female,218,16,0.3256880733944954,0.3125,0.32673267326732675,0.07042253521126761,3,race_gender
Unknown / Male,245,23,0.42448979591836733,0.5652173913043478,0.4099099099099099,0.125,3,race_gender
AfricanAmerican,3848,455,0.38825363825363823,0.5626373626373626,0.3648688476274683,0.1713520749665328,4,race
Asian,112,10,0.25,0.8,0.19607843137254902,0.2857142857142857,4,race
Caucasian,14651,1685,0.37198826018701797,0.5851632047477745,0.34428505321610364,0.18091743119266054,4,race
Hispanic,390,33,0.3,0.5151515151515151,0.2801120448179272,0.1452991452991453,4,race
Other,256,23,0.296875,0.5652173913043478,0.2703862660944206,0.17105263157894737,4,race
Unknown,470,43,0.24468085106382978,0.3953488372093023,0.22950819672131148,0.14782608695652175,4,race
Female,10636,1249,0.3832267769838285,0.6036829463570856,0.35389368275274313,0.18498527968596665,4,gender
Male,9091,1000,0.35243647563524366,0.543,0.3288839451242121,0.1694756554307116,4,gender
AfricanAmerican / Female,2360,276,0.3902542372881356,0.572463768115942,0.3661228406909789,0.17155266015200868,4,race_gender
AfricanAmerican / Male,1488,179,0.3850806451612903,0.547486033519553,0.36287242169595113,0.17102966841186737,4,race_gender
Asian / Female,55,2,0.2545454545454545,1.0,0.22641509433962265,0.14285714285714285,4,race_gender
Asian / Male,57,8,0.24561403508771928,0.75,0.16326530612244897,0.42857142857142855,4,race_gender
Caucasian / Female,7659,919,0.390912651782217,0.6213275299238302,0.3594955489614243,0.19071476285905142,4,race_gender
Caucasian / Male,6992,766,0.3512585812356979,0.54177545691906,0.3278188242852554,0.16897394136807817,4,race_gender
Hispanic / Female,202,20,0.30198019801980197,0.5,0.2802197802197802,0.16393442622950818,4,race_gender
Hispanic / Male,188,13,0.2978723404255319,0.5384615384615384,0.28,0.125,4,race_gender
Other / Female,103,9,0.24271844660194175,0.6666666666666666,0.20212765957446807,0.24,4,race_gender
Other / Male,153,14,0.3333333333333333,0.5,0.31654676258992803,0.13725490196078433,4,race_gender
Unknown / Female,257,23,0.23735408560311283,0.30434782608695654,0.23076923076923078,0.11475409836065574,4,race_gender
Unknown / Male,213,20,0.2535211267605634,0.5,0.22797927461139897,0.18518518518518517,4,race_gender
AfricanAmerican,3861,465,0.37244237244237244,0.5591397849462365,0.3468786808009423,0.1808066759388039,5,race
Asian,122,12,0.319672131147541,0.75,0.2727272727272727,0.23076923076923078,5,race
Caucasian,14881,1720,0.37148041126268394,0.5546511627906977,0.3475419800926981,0.17257597684515194,5,race
Hispanic,391,39,0.37851662404092073,0.717948717948718,0.3409090909090909,0.1891891891891892,5,race
Other,273,23,0.3443223443223443,0.5217391304347826,0.328,0.1276595744680851,5,race
Unknown,448,29,0.24776785714285715,0.4482758620689655,0.23389021479713604,0.11711711711711711,5,race
Female,10868,1263,0.37458594037541404,0.56215360253365,0.34992191566892245,0.17440432326209776,5,gender
Male,9108,1025,0.3608915239350022,0.5521951219512196,0.33663243845107016,0.1721934895041071,5,gender
AfricanAmerican / Female,2387,291,0.36992040217846667,0.5532646048109966,0.34446564885496184,0.1823329558323896,5,race_gender
AfricanAmerican / Male,1474,174,0.37652645861601086,0.5689655172413793,0.3507692307692308,0.1783783783783784,5,race_gender
Asian / Female,77,7,0.35064935064935066,0.7142857142857143,0.3142857142857143,0.18518518518518517,5,race_gender
Asian / Male,45,5,0.26666666666666666,0.8,0.2,0.3333333333333333,5,race_gender
Caucasian / Female,7827,922,0.3808611217580171,0.5650759219088937,0.3562635771180304,0.17477356591747736,5,race_gender
Caucasian / Male,7054,798,0.3610717323504395,0.5426065162907269,0.3379156010230179,0.17000392618767177,5,race_gender
Hispanic / Female,208,19,0.39903846153846156,0.631578947368421,0.37566137566137564,0.14457831325301204,5,race_gender
Hispanic / Male,183,20,0.3551912568306011,0.8,0.3006134969325153,0.24615384615384617,5,race_gender
Other / Female,137,12,0.32116788321167883,0.5833333333333334,0.296,0.1590909090909091,5,race_gender
Other / Male,136,11,0.36764705882352944,0.45454545454545453,0.36,0.1,5,race_gender
Unknown / Female,232,12,0.22844827586206898,0.3333333333333333,0.22272727272727272,0.07547169811320754,5,race_gender
Unknown / Male,216,17,0.26851851851851855,0.5294117647058824,0.24623115577889448,0.15517241379310345,5,race_gender
AfricanAmerican,3772,398,0.3565747613997879,0.6155778894472361,0.3260225251926497,0.1821561338289963,6,race
Asian,118,12,0.19491525423728814,0.3333333333333333,0.1792452830188679,0.17391304347826086,6,race
Caucasian,14734,1641,0.3659562915705172,0.5581962218159658,0.3418620636981593,0.1698813056379822,6,race
Hispanic,416,37,0.3317307692307692,0.6216216216216216,0.3034300791556728,0.16666666666666666,6,race
Other,302,28,0.3543046357615894,0.5714285714285714,0.33211678832116787,0.14953271028037382,6,race
Unknown,450,35,0.24222222222222223,0.45714285714285713,0.22409638554216868,0.14678899082568808,6,race
Female,10694,1190,0.37656629885917337,0.5806722689075631,0.351010101010101,0.17159175564936677,6,gender
Male,9098,961,0.33930534183336997,0.5504682622268471,0.31436647413051494,0.17136378360868157,6,gender
AfricanAmerican / Female,2322,242,0.3664944013781223,0.6239669421487604,0.33653846153846156,0.17743830787309048,6,race_gender
AfricanAmerican / Male,1450,156,0.3406896551724138,0.6025641025641025,0.3091190108191654,0.1902834008097166,6,race_gender
Asian / Female,69,7,0.2028985507246377,0.42857142857142855,0.1774193548387097,0.21428571428571427,6,race_gender
Asian / Male,49,5,0.1836734693877551,0.2,0.18181818181818182,0.1111111111111111,6,race_gender
Caucasian / Female,7673,889,0.38733220383161737,0.5748031496062992,0.36276533018867924,0.17193808882907133,6,race_gender
Caucasian / Male,7061,752,0.342727658971817,0.538563829787234,0.3193850055476304,0.16735537190082644,6,race_gender
Hispanic / Female,246,21,0.3089430894308943,0.47619047619047616,0.29333333333333333,0.13157894736842105,6,race_gender
Hispanic / Male,170,16,0.36470588235294116,0.8125,0.3181818181818182,0.20967741935483872,6,race_gender
Other / Female,149,11,0.3825503355704698,0.6363636363636364,0.36231884057971014,0.12280701754385964,6,race_gender
Other / Male,153,17,0.32679738562091504,0.5294117647058824,0.3014705882352941,0.18,6,race_gender
Unknown / Female,235,20,0.2425531914893617,0.45,0.22325581395348837,0.15789473684210525,6,race_gender
Unknown / Male,215,15,0.24186046511627907,0.4666666666666667,0.225,0.1346153846153846,6,race_gender
AfricanAmerican,3722,421,0.3823213326168726,0.5486935866983373,0.361102696152681,0.16233309908643712,7,race
Asian,124,11,0.31451612903225806,0.6363636363636364,0.2831858407079646,0.1794871794871795,7,race
Caucasian,14724,1707,0.39663135017658246,0.6028119507908611,0.3695936083583007,0.1761986301369863,7,race
Hispanic,420,52,0.40714285714285714,0.6730769230769231,0.3695652173913043,0.2046783625730994,7,race
Other,287,35,0.40069686411149824,0.5714285714285714,0.376984126984127,0.17391304347826086,7,race
Unknown,445,42,0.31235955056179776,0.5238095238095238,0.2903225806451613,0.15827338129496402,7,race
Female,10525,1264,0.39771971496437053,0.5870253164556962,0.37188208616780044,0.17725752508361203,7,gender
Male,9197,1004,0.38501685332173535,0.599601593625498,0.3587208592701086,0.17000847218299917,7,gender
AfricanAmerican / Female,2264,271,0.3842756183745583,0.5424354243542435,0.36276969392875064,0.16896551724137931,7,race_gender
AfricanAmerican / Male,1458,150,0.3792866941015089,0.56,0.35856269113149847,0.1518987341772152,7,race_gender
Asian / Female,72,8,0.3333333333333333,0.625,0.296875,0.20833333333333334,7,race_gender
Asian / Male,52,3,0.28846153846153844,0.6666666666666666,0.2653061224489796,0.13333333333333333,7,race_gender
Caucasian / Female,7628,924,0.40547981122181437,0.6017316017316018,0.37843078758949883,0.17976075008082767,7,race_gender
Caucasian / Male,7096,783,0.387119503945885,0.6040868454661558,0.36020909234912085,0.17218784128139789,7,race_gender
Hispanic / Female,213,29,0.43661971830985913,0.6551724137931034,0.40217391304347827,0.20430107526881722,7,race_gender
Hispanic / Male,207,23,0.37681159420289856,0.6956521739130435,0.33695652173913043,0.20512820512820512,7,race_gender
Other / Female,127,15,0.36220472440944884,0.4666666666666667,0.3482142857142857,0.15217391304347827,7,race_gender
Other / Male,160,20,0.43125,0.65,0.4,0.18840579710144928,7,race_gender
Unknown / Female,221,17,0.27149321266968324,0.47058823529411764,0.2549019607843137,0.13333333333333333,7,race_gender
Unknown / Male,224,25,0.35267857142857145,0.56,0.32663316582914576,0.17721518987341772,7,race_gender
AfricanAmerican,3811,465,0.4542114930464445,0.6602150537634408,0.4255827854154214,0.17735413056036972,8,race
Asian,117,13,0.358974358974359,0.6153846153846154,0.3269230769230769,0.19047619047619047,8,race
Caucasian,14933,1761,0.44518850867206855,0.6303236797274276,0.4204372912238081,0.16696750902527077,8,race
Hispanic,426,39,0.392018779342723,0.5897435897435898,0.37209302325581395,0.1377245508982036,8,race
Other,317,29,0.38801261829652994,0.5172413793103449,0.375,0.12195121951219512,8,race
Unknown,428,35,0.3247663551401869,0.5142857142857142,0.30788804071246817,0.12949640287769784,8,race
Female,10859,1303,0.44967308223593333,0.6508058326937836,0.4222478024277941,0.1736637313127176,8,gender
Male,9173,1039,0.4324648424724736,0.6092396535129933,0.4098844357019916,0.15956642298966472,8,gender
AfricanAmerican / Female,2316,300,0.4637305699481865,0.69,0.43005952380952384,0.19273743016759776,8,race_gender
AfricanAmerican / Male,1495,165,0.4394648829431438,0.6060606060606061,0.418796992481203,0.15220700152207,8,race_gender
Asian / Female,72,7,0.375,0.7142857142857143,0.3384615384615385,0.18518518518518517,8,race_gender
Asian / Male,45,6,0.3333333333333333,0.5,0.3076923076923077,0.2,8,race_gender
Caucasian / Female,7853,945,0.45332993760346363,0.6412698412698413,0.42762015055008684,0.1702247191011236,8,race_gender
Caucasian / Male,7080,816,0.43615819209039547,0.6176470588235294,0.4125159642401022,0.16321243523316062,8,race_gender
Hispanic / Female,242,19,0.38016528925619836,0.631578947368421,0.35874439461883406,0.13043478260869565,8,race_gender
Hispanic / Male,184,20,0.4076086956521739,0.55,0.3902439024390244,0.14666666666666667,8,race_gender
Other / Female,160,17,0.39375,0.5882352941176471,0.3706293706293706,0.15873015873015872,8,race_gender
Other / Male,157,12,0.3821656050955414,0.4166666666666667,0.3793103448275862,0.08333333333333333,8,race_gender
Unknown / Female,216,15,0.3101851851851852,0.5333333333333333,0.2935323383084577,0.11940298507462686,8,race_gender
Unknown / Male,212,20,0.33962264150943394,0.5,0.3229166666666667,0.1388888888888889,8,race_gender
AfricanAmerican,3818,420,0.358040859088528,0.5285714285714286,0.336962919364332,0.1623994147768837,9,race
Asian,118,14,0.2796610169491525,0.5714285714285714,0.2403846153846154,0.24242424242424243,9,race
Caucasian,14647,1705,0.36881272615552674,0.5765395894428152,0.34144645340751045,0.18196964087375045,9,race
Hispanic,440,45,0.3386363636363636,0.6444444444444445,0.3037974683544304,0.19463087248322147,9,race
Other,321,37,0.34890965732087226,0.7027027027027027,0.3028169014084507,0.23214285714285715,9,race
Unknown,450,35,0.27111111111111114,0.3142857142857143,0.2674698795180723,0.09016393442622951,9,race
Female,10605,1195,0.37284299858557285,0.5690376569037657,0.3479277364505845,0.1719777440566515,9,gender
Male,9189,1061,0.3516160626836435,0.5645617342130066,0.32381889763779526,0.1853915196533581,9,gender
AfricanAmerican / Female,2388,271,0.3630653266331658,0.5756457564575646,0.3358526216343883,0.17993079584775087,9,race_gender
AfricanAmerican / Male,1430,149,0.34965034965034963,0.4429530201342282,0.33879781420765026,0.132,9,race_gender
Asian / Female,53,3,0.32075471698113206,0.6666666666666666,0.3,0.11764705882352941,9,race_gender
Asian / Male,65,11,0.24615384615384617,0.5454545454545454,0.18518518518518517,0.375,9,race_gender
Caucasian / Female,7555,860,0.3789543348775645,0.5662790697674419,0.35489171023151606,0.1701012923506811,9,race_gender
Caucasian / Male,7092,845,0.35800902425267905,0.58698224852071,0.32703697774931967,0.19535250098463963,9,race_gender
Hispanic / Female,232,23,0.34913793103448276,0.6086956521739131,0.32057416267942584,0.1728395061728395,9,race_gender
Hispanic / Male,208,22,0.3269230769230769,0.6818181818181818,0.2849462365591398,0.22058823529411764,9,race_gender
Other / Female,163,21,0.39263803680981596,0.7619047619047619,0.3380281690140845,0.25,9,race_gender
Other / Male,158,16,0.3037974683544304,0.625,0.2676056338028169,0.20833333333333334,9,race_gender
Unknown / Female,214,17,0.2897196261682243,0.29411764705882354,0.2893401015228426,0.08064516129032258,9,race_gender
Unknown / Male,236,18,0.2542372881355932,0.3333333333333333,0.24770642201834864,0.1,9,race_gender
AfricanAmerican,3830,416,0.33107049608355094,0.5096153846153846,0.3093145869947276,0.167192429022082,10,race
Asian,156,23,0.33974358974358976,0.6086956521739131,0.2932330827067669,0.2641509433962264,10,race
Caucasian,14690,1671,0.32123893805309733,0.4985038898862956,0.2984868269452339,0.17652044924772198,10,race
Hispanic,373,33,0.2386058981233244,0.5454545454545454,0.2088235294117647,0.20224719101123595,10,race
Other,304,33,0.3125,0.6363636363636364,0.2730627306273063,0.22105263157894736,10,race
Unknown,446,33,0.24887892376681614,0.3939393939393939,0.23728813559322035,0.11711711711711711,10,race
Female,10683,1185,0.32528316016100345,0.5206751054852321,0.3009054537797431,0.17755395683453237,10,gender
Male,9116,1024,0.3137340939008337,0.482421875,0.29238754325259514,0.17272727272727273,10,gender
AfricanAmerican / Female,2378,257,0.33052985702270815,0.5175097276264592,0.30787364450730786,0.1692111959287532,10,race_gender
AfricanAmerican / Male,1452,159,0.3319559228650138,0.4968553459119497,0.31167826759474093,0.16390041493775934,10,race_gender
Asian / Female,87,7,0.20689655172413793,0.2857142857142857,0.2,0.1111111111111111,10,race_gender
Asian / Male,69,16,0.5072463768115942,0.75,0.4339622641509434,0.34285714285714286,10,race_gender
Caucasian / Female,7635,869,0.33018991486574983,0.525891829689298,0.3050546851906592,0.18127727092423643,10,race_gender
Caucasian / Male,7055,802,0.3115520907158044,0.4688279301745636,0.2913801375339837,0.1710646041856233,10,race_gender
Hispanic / Female,214,16,0.21962616822429906,0.375,0.20707070707070707,0.1276595744680851,10,race_gender
Hispanic / Male,159,17,0.2641509433962264,0.7058823529411765,0.2112676056338028,0.2857142857142857,10,race_gender
Other / Female,157,19,0.33121019108280253,0.631578947368421,0.2898550724637681,0.23076923076923078,10,race_gender
Other / Male,147,14,0.2925170068027211,0.6428571428571429,0.2556390977443609,0.20930232558139536,10,race_gender
Unknown / Female,212,17,0.24056603773584906,0.4117647058823529,0.22564102564102564,0.13725490196078433,10,race_gender
Unknown / Male,234,16,0.2564102564102564,0.375,0.24770642201834864,0.1,10,race_gender
AfricanAmerican,3783,410,0.42003700766587365,0.5682926829268292,0.4020160094871035,0.14663310258023915,11,race
Asian,114,10,0.32456140350877194,0.5,0.3076923076923077,0.13513513513513514,11,race
Caucasian,14831,1686,0.4181781403816331,0.6144721233689205,0.3930011411182959,0.1670428893905192,11,race
Hispanic,398,38,0.3391959798994975,0.6578947368421053,0.3055555555555556,0.18518518518518517,11,race
Other,295,31,0.4067796610169492,0.7096774193548387,0.3712121212121212,0.18333333333333332,11,race
Unknown,428,40,0.3341121495327103,0.575,0.30927835051546393,0.16083916083916083,11,race
Female,10666,1181,0.4223701481342584,0.6316680779000847,0.396309963099631,0.1655937846836848,11,gender
Male,9183,1034,0.4052052706087335,0.5783365570599613,0.38323720701926617,0.16070948669712443,11,gender
AfricanAmerican / Female,2204,219,0.4010889292196007,0.5707762557077626,0.382367758186398,0.1414027149321267,11,race_gender
AfricanAmerican / Male,1579,191,0.44648511716276124,0.5654450261780105,0.43011527377521613,0.15319148936170213,11,race_gender
Asian / Female,55,4,0.32727272727272727,0.5,0.3137254901960784,0.1111111111111111,11,race_gender
Asian / Male,59,6,0.3220338983050847,0.5,0.3018867924528302,0.15789473684210525,11,race_gender
Caucasian / Female,7831,907,0.43736432128719194,0.6527012127894156,0.409156556903524,0.17284671532846715,11,race_gender
Caucasian / Male,7000,779,0.39671428571428574,0.5699614890885751,0.37502009323259927,0.1598847677349658,11,race_gender
Hispanic / Female,200,12,0.295,0.5,0.28191489361702127,0.1016949152542373,11,race_gender
Hispanic / Male,198,26,0.3838383838383838,0.7307692307692307,0.3313953488372093,0.25,11,race_gender
Other / Female,154,18,0.34415584415584416,0.6111111111111112,0.3088235294117647,0.20754716981132076,11,race_gender
Other / Male,141,13,0.475177304964539,0.8461538461538461,0.4375,0.16417910447761194,11,race_gender
Unknown / Female,222,21,0.2972972972972973,0.47619047619047616,0.27860696517412936,0.15151515151515152,11,race_gender
Unknown / Male,206,19,0.3737864077669903,0.6842105263157895,0.3422459893048128,0.16883116883116883,11,race_gender
AfricanAmerican,3630,385,0.3584022038567493,0.5532467532467532,0.3352850539291217,0.16372021521906227,12,race
Asian,127,20,0.3228346456692913,0.65,0.2616822429906542,0.3170731707317073,12,race
Caucasian,15014,1803,0.3663913680564806,0.5684969495285636,0.33880856861706155,0.18632975822577713,12,race
Hispanic,401,47,0.35910224438902744,0.6808510638297872,0.3163841807909605,0.2222222222222222,12,race
Other,295,34,0.3423728813559322,0.6764705882352942,0.2988505747126437,0.22772277227722773,12,race
Unknown,459,39,0.22875816993464052,0.28205128205128205,0.22380952380952382,0.10476190476190476,12,race
Female,10549,1206,0.3691345151199166,0.587893864013267,0.3408969281815263,0.18207498715973292,12,gender
Male,9377,1122,0.35181827876719635,0.5418894830659536,0.32598425196850395,0.1842982722036981,12,gender
AfricanAmerican / Female,2218,230,0.35482416591523896,0.5521739130434783,0.3319919517102616,0.1613722998729352,12,race_gender
AfricanAmerican / Male,1412,155,0.3640226628895184,0.5548387096774193,0.34049323786793956,0.16731517509727625,12,race_gender
Asian / Female,59,5,0.23728813559322035,0.6,0.2037037037037037,0.21428571428571427,12,race_gender
Asian / Male,68,15,0.39705882352941174,0.6666666666666666,0.32075471698113206,0.37037037037037035,12,race_gender
Caucasian / Female,7674,912,0.37881157154026585,0.5975877192982456,0.34930493936705115,0.18747850017199863,12,race_gender
Caucasian / Male,7340,891,0.3534059945504087,0.5387205387205387,0.3278027601178477,0.18504240555127216,12,race_gender
Hispanic / Female,205,17,0.33170731707317075,0.6470588235294118,0.30319148936170215,0.16176470588235295,12,race_gender
Hispanic / Male,196,30,0.3877551020408163,0.7,0.3313253012048193,0.27631578947368424,12,race_gender
Other / Female,167,25,0.4311377245508982,0.76,0.3732394366197183,0.2638888888888889,12,race_gender
Other / Male,128,9,0.2265625,0.4444444444444444,0.21008403361344538,0.13793103448275862,12,race_gender
Unknown / Female,226,17,0.20353982300884957,0.23529411764705882,0.20095693779904306,0.08695652173913043,12,race_gender
Unknown / Male,233,22,0.2532188841201717,0.3181818181818182,0.24644549763033174,0.11864406779661017,12,race_gender
AfricanAmerican,3767,431,0.45898593044863284,0.6635730858468677,0.43255395683453235,0.16541353383458646,13,race
Asian,148,16,0.4189189189189189,0.875,0.36363636363636365,0.22580645161290322,13,race
Caucasian,14877,1766,0.4560731330241312,0.6732729331823329,0.4268171764167493,0.17523949889462048,13,race
Hispanic,400,48,0.4925,0.7083333333333334,0.4630681818181818,0.17258883248730963,13,race
Other,305,37,0.4721311475409836,0.7027027027027027,0.44029850746268656,0.18055555555555555,13,race
Unknown,431,40,0.3271461716937355,0.45,0.3145780051150895,0.1276595744680851,13,race
Female,10937,1322,0.472890189265795,0.6785173978819969,0.44461778471138846,0.1734338747099768,13,gender
Male,8991,1016,0.4322099877655433,0.6594488188976378,0.4032601880877743,0.1724137931034483,13,gender
AfricanAmerican / Female,2320,259,0.46163793103448275,0.667953667953668,0.435710819990296,0.161531279178338,13,race_gender
AfricanAmerican / Male,1447,172,0.45473393227366965,0.6569767441860465,0.42745098039215684,0.1717325227963526,13,race_gender
Asian / Female,80,9,0.475,0.8888888888888888,0.4225352112676056,0.21052631578947367,13,race_gender
Asian / Male,68,7,0.35294117647058826,0.8571428571428571,0.29508196721311475,0.25,13,race_gender
Caucasian / Female,7958,992,0.4785121889922091,0.6844758064516129,0.4491817398794143,0.17830882352941177,13,race_gender
Caucasian / Male,6919,774,0.4302644890880185,0.6589147286821705,0.4014646053702197,0.17131340275445078,13,race_gender
Hispanic / Female,206,22,0.48058252427184467,0.7272727272727273,0.45108695652173914,0.16161616161616163,13,race_gender
Hispanic / Male,194,26,0.5051546391752577,0.6923076923076923,0.47619047619047616,0.1836734693877551,13,race_gender
Other / Female,148,19,0.5067567567567568,0.7368421052631579,0.4728682170542636,0.18666666666666668,13,race_gender
Other / Male,157,18,0.4394904458598726,0.6666666666666666,0.41007194244604317,0.17391304347826086,13,race_gender
Unknown / Female,225,21,0.36,0.3333333333333333,0.3627450980392157,0.08641975308641975,13,race_gender
Unknown / Male,206,19,0.2912621359223301,0.5789473684210527,0.2620320855614973,0.18333333333333332,13,race_gender
AfricanAmerican,3737,473,0.40085630184640086,0.6173361522198731,0.3694852941176471,0.19492656875834447,14,race
Asian,119,10,0.2857142857142857,0.7,0.24770642201834864,0.20588235294117646,14,race
Caucasian,15130,1774,0.4085261070720423,0.617249154453213,0.38080263551961663,0.17715580003235723,14,race
Hispanic,368,42,0.3423913043478261,0.6190476190476191,0.3067484662576687,0.20634920634920634,14,race
Other,303,28,0.40594059405940597,0.5357142857142857,0.3927272727272727,0.12195121951219512,14,race
Unknown,447,41,0.28859060402684567,0.5853658536585366,0.25862068965517243,0.18604651162790697,14,race
Female,10700,1240,0.40869158878504674,0.6290322580645161,0.3798097251585624,0.17836725360164646,14,gender
Male,9404,1128,0.39536367503190134,0.6019503546099291,0.36720637989366844,0.18262506724045185,14,gender
AfricanAmerican / Female,2256,273,0.39937943262411346,0.6446886446886447,0.3656076651538074,0.195338512763596,14,race_gender
AfricanAmerican / Male,1481,200,0.40310600945307223,0.58,0.375487900078064,0.19430485762144054,14,race_gender
Asian / Female,62,3,0.27419354838709675,0.3333333333333333,0.2711864406779661,0.058823529411764705,14,race_gender
Asian / Male,57,7,0.2982456140350877,0.8571428571428571,0.22,0.35294117647058826,14,race_gender
Caucasian / Female,7814,911,0.4193754799078577,0.6300768386388584,0.3915688830943068,0.17516020750686603,14,race_gender
Caucasian / Male,7316,863,0.3969382176052488,0.6037079953650057,0.36928560359522705,0.17940771349862258,14,race_gender
Hispanic / Female,196,22,0.32142857142857145,0.7272727272727273,0.27011494252873564,0.25396825396825395,14,race_gender
Hispanic / Male,172,20,0.36627906976744184,0.5,0.34868421052631576,0.15873015873015872,14,race_gender
Other / Female,150,13,0.3933333333333333,0.38461538461538464,0.39416058394160586,0.0847457627118644,14,race_gender
Other / Male,153,15,0.41830065359477125,0.6666666666666666,0.391304347826087,0.15625,14,race_gender
Unknown / Female,222,18,0.25225225225225223,0.4444444444444444,0.23529411764705882,0.14285714285714285,14,race_gender
Unknown / Male,225,23,0.3244444444444444,0.6956521739130435,0.28217821782178215,0.2191780821917808,14,race_gender
AfricanAmerican,3802,442,0.3737506575486586,0.5882352941176471,0.3455357142857143,0.18296973961998592,15,race
Asian,136,17,0.27941176470588236,0.7058823529411765,0.2184873949579832,0.3157894736842105,15,race
Caucasian,14810,1715,0.37474679270763,0.5807580174927114,0.34776632302405497,0.17945945945945946,15,race
Hispanic,429,49,0.337995337995338,0.5102040816326531,0.3157894736842105,0.1724137931034483,15,race
Other,312,32,0.358974358974359,0.65625,0.325,0.1875,15,race
Unknown,407,30,0.2800982800982801,0.4,0.27055702917771884,0.10526315789473684,15,race
Female,10849,1267,0.3793898055120288,0.5769534333070244,0.3532665414318514,0.17759961127308066,15,gender
Male,9047,1018,0.3607825798607273,0.5844793713163065,0.3324199775812679,0.18229166666666666,15,gender
AfricanAmerican / Female,2283,252,0.3618046430135786,0.5555555555555556,0.3377646479566716,0.1694915254237288,15,race_gender
AfricanAmerican / Male,1519,190,0.391705069124424,0.631578947368421,0.35741158765989467,0.20168067226890757,15,race_gender
Asian / Female,56,5,0.19642857142857142,0.8,0.13725490196078433,0.36363636363636365,15,race_gender
Asian / Male,80,12,0.3375,0.6666666666666666,0.27941176470588236,0.2962962962962963,15,race_gender
Caucasian / Female,7893,955,0.39072595971113644,0.5905759162303665,0.3632170654367253,0.1828793774319066,15,race_gender
Caucasian / Male,6917,760,0.35651293913546334,0.5684210526315789,0.33035569270748744,0.17518248175182483,15,race_gender
Hispanic / Female,237,22,0.3291139240506329,0.4090909090909091,0.3209302325581395,0.11538461538461539,15,race_gender
Hispanic / Male,192,27,0.3489583333333333,0.5925925925925926,0.3090909090909091,0.23880597014925373,15,race_gender
Other / Female,169,18,0.3431952662721893,0.5555555555555556,0.31788079470198677,0.1724137931034483,15,race_gender
Other / Male,143,14,0.3776223776223776,0.7857142857142857,0.3333333333333333,0.2037037037037037,15,race_gender
Unknown / Female,211,15,0.2796208530805687,0.26666666666666666,0.28061224489795916,0.06779661016949153,15,race_gender
Unknown / Male,196,15,0.28061224489795916,0.5333333333333333,0.2596685082872928,0.14545454545454545,15,race_gender
AfricanAmerican,3583,381,0.4018978509628803,0.6246719160104987,0.37539038101186756,0.16527777777777777,16,race
Asian,119,17,0.40336134453781514,0.7058823529411765,0.35294117647058826,0.25,16,race
Caucasian,14901,1751,0.4286289510771089,0.6253569388920617,0.40243346007604563,0.17144199154532644,16,race
Hispanic,395,49,0.3822784810126582,0.7346938775510204,0.33236994219653176,0.23841059602649006,16,race
Other,313,35,0.38977635782747605,0.5428571428571428,0.37050359712230213,0.1557377049180328,16,race
Unknown,429,27,0.2727272727272727,0.4444444444444444,0.26119402985074625,0.10256410256410256,16,race
Female,10650,1205,0.4288262910798122,0.6398340248962655,0.4019057702488089,0.1688197941756076,16,gender
Male,9090,1055,0.4068206820682068,0.6075829383886255,0.3804604853764779,0.17333693888588425,16,gender
AfricanAmerican / Female,2221,204,0.3971184151283206,0.6225490196078431,0.3743182944967774,0.14399092970521543,16,race_gender
AfricanAmerican / Male,1362,177,0.40969162995594716,0.6271186440677966,0.37721518987341773,0.1989247311827957,16,race_gender
Asian / Female,51,4,0.39215686274509803,0.5,0.3829787234042553,0.1,16,race_gender
Asian / Male,68,13,0.4117647058823529,0.7692307692307693,0.32727272727272727,0.35714285714285715,16,race_gender
Caucasian / Female,7842,958,0.44580464167304257,0.6450939457202505,0.41807088901801276,0.17677345537757438,16,race_gender
Caucasian / Male,7059,793,0.4095480946309676,0.6015132408575031,0.38525375039897863,0.1649948114839156,16,race_gender
Hispanic / Female,192,16,0.3333333333333333,0.75,0.29545454545454547,0.1875,16,race_gender
Hispanic / Male,203,33,0.42857142857142855,0.7272727272727273,0.37058823529411766,0.27586206896551724,16,race_gender
Other / Female,147,17,0.3877551020408163,0.5294117647058824,0.36923076923076925,0.15789473684210525,16,race_gender
Other / Male,166,18,0.39156626506024095,0.5555555555555556,0.3716216216216216,0.15384615384615385,16,race_gender
Unknown / Female,197,6,0.2436548223350254,0.5,0.2356020942408377,0.0625,16,race_gender
Unknown / Male,232,21,0.2974137931034483,0.42857142857142855,0.2843601895734597,0.13043478260869565,16,race_gender
AfricanAmerican,3705,394,0.3573549257759784,0.5685279187817259,0.33222591362126247,0.1691842900302115,17,race
Asian,115,12,0.28695652173913044,0.5833333333333334,0.2524271844660194,0.21212121212121213,17,race
Caucasian,14869,1765,0.3903423229537965,0.5762039660056657,0.3653083028083028,0.17522398345968299,17,race
Hispanic,406,45,0.3891625615763547,0.7111111111111111,0.3490304709141274,0.20253164556962025,17,race
Other,289,28,0.3356401384083045,0.5,0.31800766283524906,0.14432989690721648,17,race
Unknown,423,31,0.29550827423167847,0.5161290322580645,0.2780612244897959,0.128,17,race
Female,10756,1209,0.38982893268873187,0.5715467328370554,0.36681680108934744,0.16479847364655378,17,gender
Male,9051,1066,0.3699038780245277,0.5806754221388368,0.34176581089542896,0.18488649940262844,17,gender
AfricanAmerican / Female,2224,221,0.33947841726618705,0.5429864253393665,0.3170244633050424,0.15894039735099338,17,race_gender
AfricanAmerican / Male,1481,173,0.38419986495611075,0.6011560693641619,0.3555045871559633,0.1827768014059754,17,race_gender
Asian / Female,66,7,0.3181818181818182,0.7142857142857143,0.2711864406779661,0.23809523809523808,17,race_gender
Asian / Male,49,5,0.24489795918367346,0.4,0.22727272727272727,0.16666666666666666,17,race_gender
Caucasian / Female,7887,929,0.4090275136300241,0.5748116254036598,0.3868927852831273,0.16553006819590824,17,race_gender
Caucasian / Male,6982,836,0.3692351761672873,0.5777511961722488,0.340872111942727,0.18735453840186192,17,race_gender
Hispanic / Female,217,18,0.3686635944700461,0.7777777777777778,0.3316582914572864,0.175,17,race_gender
Hispanic / Male,189,27,0.4126984126984127,0.6666666666666666,0.37037037037037035,0.23076923076923078,17,race_gender
Other / Female,147,17,0.3401360544217687,0.47058823529411764,0.3230769230769231,0.16,17,race_gender
Other / Male,142,11,0.33098591549295775,0.5454545454545454,0.31297709923664124,0.1276595744680851,17,race_gender
Unknown / Female,215,17,0.2837209302325581,0.5882352941176471,0.25757575757575757,0.16393442622950818,17,race_gender
Unknown / Male,208,14,0.3076923076923077,0.42857142857142855,0.29896907216494845,0.09375,17,race_gender
AfricanAmerican,3893,467,0.46134086822501924,0.6509635974304069,0.4354932866316404,0.16926503340757237,18,race
Asian,125,12,0.392,0.75,0.35398230088495575,0.1836734693877551,18,race
Caucasian,14821,1687,0.4679171445921328,0.6644931831653823,0.44266788487894015,0.16164383561643836,18,race
Hispanic,362,43,0.3674033149171271,0.7441860465116279,0.3166144200626959,0.24060150375939848,18,race
Other,275,18,0.36363636363636365,0.4444444444444444,0.35797665369649806,0.08,18,race
Unknown,452,36,0.336283185840708,0.4444444444444444,0.3269230769230769,0.10526315789473684,18,race
Female,10749,1234,0.46813657084379945,0.6717990275526742,0.4417235943247504,0.1647456279809221,18,gender
Male,9179,1029,0.45026691360714677,0.6423712342079689,0.4260122699386503,0.1599322526010162,18,gender
AfricanAmerican / Female,2379,293,0.47204707860445566,0.6757679180887372,0.4434324065196548,0.176313446126447,18,race_gender
AfricanAmerican / Male,1514,174,0.44451783355350066,0.6091954022988506,0.42313432835820897,0.1575037147102526,18,race_gender
Asian / Female,55,3,0.38181818181818183,0.6666666666666666,0.36538461538461536,0.09523809523809523,18,race_gender
Asian / Male,70,9,0.4,0.7777777777777778,0.3442622950819672,0.25,18,race_gender
Caucasian / Female,7790,894,0.47753530166880614,0.6789709172259508,0.45142111368909515,0.1631720430107527,18,race_gender
Caucasian / Male,7031,793,0.4572607026027592,0.648171500630517,0.43299134337928824,0.1598755832037325,18,race_gender
Hispanic / Female,195,21,0.3333333333333333,0.7619047619047619,0.28160919540229884,0.24615384615384617,18,race_gender
Hispanic / Male,167,22,0.40718562874251496,0.7272727272727273,0.3586206896551724,0.23529411764705882,18,race_gender
Other / Female,124,10,0.3387096774193548,0.4,0.3333333333333333,0.09523809523809523,18,race_gender
Other / Male,151,8,0.3841059602649007,0.5,0.3776223776223776,0.06896551724137931,18,race_gender
Unknown / Female,206,13,0.2961165048543689,0.15384615384615385,0.30569948186528495,0.03278688524590164,18,race_gender
Unknown / Male,246,23,0.3699186991869919,0.6086956521739131,0.3452914798206278,0.15384615384615385,18,race_gender
AfricanAmerican,3849,436,0.3819173811379579,0.5688073394495413,0.3580427776150015,0.16870748299319727,19,race
Asian,143,16,0.43356643356643354,0.75,0.3937007874015748,0.1935483870967742,19,race
Caucasian,14731,1702,0.3804901228701378,0.5769682726204466,0.3548238544784711,0.1752007136485281,19,race
Hispanic,439,54,0.357630979498861,0.7037037037037037,0.3090909090909091,0.24203821656050956,19,race
Other,295,27,0.3423728813559322,0.6666666666666666,0.30970149253731344,0.1782178217821782,19,race
Unknown,461,36,0.26247288503253796,0.3888888888888889,0.25176470588235295,0.11570247933884298,19,race
Female,10800,1219,0.3912962962962963,0.5955701394585726,0.36530633545558916,0.17179365830572646,19,gender
Male,9118,1052,0.36082474226804123,0.5570342205323194,0.33523431688569305,0.17811550151975683,19,gender
AfricanAmerican / Female,2311,245,0.3738641280830809,0.563265306122449,0.3514036786060019,0.1597222222222222,19,race_gender
AfricanAmerican / Male,1538,191,0.3940182054616385,0.5759162303664922,0.3682256867112101,0.18151815181518152,19,race_gender
Asian / Female,61,6,0.39344262295081966,0.8333333333333334,0.34545454545454546,0.20833333333333334,19,race_gender
Asian / Male,82,10,0.4634146341463415,0.7,0.4305555555555556,0.18421052631578946,19,race_gender
Caucasian / Female,7841,915,0.4014794031373549,0.6065573770491803,0.3743863701992492,0.17630241423125795,19,race_gender
Caucasian / Male,6890,787,0.35660377358490564,0.542566709021601,0.3326233000163854,0.1737891737891738,19,race_gender
Hispanic / Female,247,26,0.38866396761133604,0.8076923076923077,0.3393665158371041,0.21875,19,race_gender
Hispanic / Male,192,28,0.3177083333333333,0.6071428571428571,0.2682926829268293,0.2786885245901639,19,race_gender
Other / Female,126,10,0.30952380952380953,0.3,0.3103448275862069,0.07692307692307693,19,race_gender
Other / Male,169,17,0.3668639053254438,0.8823529411764706,0.3092105263157895,0.24193548387096775,19,race_gender
Unknown / Female,214,17,0.2570093457943925,0.23529411764705882,0.25888324873096447,0.07272727272727272,19,race_gender
Unknown / Male,247,19,0.26720647773279355,0.5263157894736842,0.24561403508771928,0.15151515151515152,19,race_gender
