attribute,group,metric,baseline_mean,baseline_std,new_mean,new_std,diff_mean,diff_ci_low,diff_ci_high,share_seeds_lower
gender,Female,selection_rate,0.26282328295248825,0.03712481674410384,0.40687670817686145,0.04106162377876868,0.1440534252243732,0.11761193352141971,0.17049491692732668,0.0
gender,Female,tpr,0.4563382447400211,0.04604258793880525,0.6078506877078328,0.04145060624255028,0.15151244296781183,0.12297210013129127,0.1800527858043324,0.0
gender,Female,fpr,0.23774079703400036,0.03625866320723634,0.3808233119272165,0.04108468922772233,0.1430825148932162,0.11684085010002747,0.16932417968640492,0.0
gender,Female,precision,0.20051211096611574,0.013117942216591886,0.1719457219674159,0.007526917004014217,-0.028566388998699854,-0.03477941530740345,-0.022353362689996256,1.0
gender,Male,selection_rate,0.2459946194635135,0.0346011292374445,0.3862718526548888,0.041595623469405936,0.14027723319137528,0.11429901245923377,0.1662554539235168,0.0
gender,Male,tpr,0.43373519188054077,0.043352174983306464,0.585701925430974,0.04448543710387893,0.15196673355043316,0.12234194633883161,0.18159152076203472,0.0
gender,Male,fpr,0.22184047196520296,0.03402827594117827,0.3606181780797189,0.041512931706355165,0.13877770611451598,0.11318446447499213,0.16437094775403982,0.0
gender,Male,precision,0.2022896008810871,0.014364912949755537,0.17337369185263046,0.008799655051731307,-0.028915909028456626,-0.034675069445400886,-0.02315674861151237,1.0
race,AfricanAmerican,selection_rate,0.2609688050617495,0.03884064961998657,0.3966040498699667,0.04051589173131676,0.1356352448082172,0.11008418563088201,0.1611863039855524,0.0
race,AfricanAmerican,tpr,0.4532990783552366,0.061843979993176326,0.5930653462312604,0.04505464691251161,0.1397662678760238,0.10894882341619642,0.17058371233585118,0.0
race,AfricanAmerican,fpr,0.23622242074219027,0.036576939335887085,0.37132920926389357,0.040149654956568935,0.1351067885217032,0.11013444688871839,0.16007913015468803,0.0
race,AfricanAmerican,precision,0.19866077518226655,0.015568377865667267,0.17089764212987937,0.010848077447524989,-0.02776313305238718,-0.03280235027365313,-0.02272391583112123,1.0
race,Asian,selection_rate,0.20462675571260852,0.049793662743338726,0.34006077087851944,0.07022367188455887,0.13543401516591097,0.10350385378387658,0.16736417654794536,0.0
race,Asian,tpr,0.46673104282759015,0.16605852775656316,0.6753948715393728,0.12515338354440764,0.2086638287117827,0.1344721492256854,0.28285550819788,0.0
race,Asian,fpr,0.17341067038080518,0.04871338956451396,0.2988100561034793,0.06744335504172805,0.12539938572267414,0.09470364619049697,0.15609512525485134,0.0
race,Asian,precision,0.25014752001450297,0.08119745320825647,0.219819123893679,0.05246207214515176,-0.03032839612082394,-0.06527273341247955,0.00461594117083166,0.7
race,Caucasian,selection_rate,0.2576532125670459,0.03565038974993699,0.40268450618735796,0.041739236711369566,0.14503129362031203,0.1184511753522797,0.17161141188834436,0.0
race,Caucasian,tpr,0.446189171492235,0.03994622495856168,0.5999308502665925,0.043522984294671656,0.1537416787743576,0.12553189346150412,0.18195146408721108,0.0
race,Caucasian,fpr,0.23289605128640117,0.03531137116896346,0.3767892843943953,0.04168364937049126,0.1438932331079941,0.11748816088594836,0.1702983053300398,0.0
race,Caucasian,precision,0.20241618981178244,0.013255524712425254,0.1733929265624883,0.007174162871856418,-0.029023263249294152,-0.03513610578296558,-0.02291042071562272,1.0
race,Hispanic,selection_rate,0.23290880440122103,0.04405802604136683,0.36080227615623006,0.05328556946331701,0.12789347175500895,0.1046259220601379,0.15116102144988,0.0
race,Hispanic,tpr,0.48081170664495937,0.07791709691646988,0.6382249598491977,0.07354659941073734,0.1574132532042383,0.11755349390049688,0.1972730125079797,0.0
race,Hispanic,fpr,0.20376940081523648,0.0461898069333239,0.3278191633628533,0.05357149912992028,0.12404976254761688,0.10143703769510033,0.1466624874001334,0.0
race,Hispanic,precision,0.2218808783552358,0.05545327969796287,0.18797897312597397,0.03428495428294784,-0.033901905229261786,-0.04950270964347507,-0.0183011008150485,0.85
race,Other,selection_rate,0.2295355955525183,0.04438351441251597,0.37288484687450846,0.05241121117151258,0.14334925132199022,0.11462767819772747,0.172070824446253,0.0
race,Other,tpr,0.45118690802495925,0.11377101254342653,0.6030356039826166,0.0800697811708877,0.15184869595765724,0.10546696390350455,0.19823042801180993,0.0
race,Other,fpr,0.20448953782597848,0.03951789032064292,0.34637410530375523,0.05598471964767399,0.1418845674777768,0.1135814255872943,0.17018770936825933,0.0
race,Other,precision,0.1973429034924467,0.04305878978455175,0.16661421057349374,0.04068078996031077,-0.030728692918953016,-0.04123896497181995,-0.020218420866086086,0.9
race,Unknown,selection_rate,0.1678025822376484,0.03233435433796399,0.28998349408050683,0.04676755811805287,0.12218091184285844,0.09874086715268507,0.1456209565330318,0.0
race,Unknown,tpr,0.2867158452763843,0.06968503763445583,0.44669067986379896,0.08280086709770718,0.1599748345874146,0.1220627149819758,0.1978869541928534,0.0
race,Unknown,fpr,0.15740179913682553,0.03187051948246279,0.2761236865726854,0.046896650204236806,0.11872188743585992,0.095640238467021,0.14180353640469884,0.0
race,Unknown,precision,0.13899970086157556,0.02922949854190916,0.1253441540002406,0.026354456202655686,-0.01365554686133498,-0.02280044402583747,-0.0045106496968324895,0.7
race_gender,AfricanAmerican / Female,selection_rate,0.2589941576259708,0.039967433188334664,0.3942727061024017,0.04205902758163576,0.13527854847643092,0.1097169479400531,0.16084014901280874,0.0
race_gender,AfricanAmerican / Female,tpr,0.4540873059006746,0.06414716275165618,0.5965223052029097,0.0494721830821084,0.1424349993022351,0.11196937624617989,0.17290062235829032,0.0
race_gender,AfricanAmerican / Female,fpr,0.2344399113740975,0.03747738027979869,0.36891165980965346,0.04093545874068104,0.13447174843555595,0.10930209572576038,0.15964140114535152,0.0
race_gender,AfricanAmerican / Female,precision,0.19621077139333265,0.02250228614768244,0.16884018954830643,0.014189069208546939,-0.027370581845026238,-0.034244681522579964,-0.020496482167472515,1.0
race_gender,AfricanAmerican / Male,selection_rate,0.2637233783442404,0.041119065665382405,0.39987617343041076,0.041599126580109023,0.13615279508617034,0.11043360770969554,0.16187198246264514,0.0
race_gender,AfricanAmerican / Male,tpr,0.4492295206935852,0.0778467440489314,0.5858974221134201,0.05332936651678944,0.13666790141983515,0.10250974321683198,0.1708260596228383,0.0
race_gender,AfricanAmerican / Male,fpr,0.23884817491162574,0.03794897641795645,0.37489099390825353,0.041558447859508754,0.1360428189966277,0.11111123379181492,0.1609744042014405,0.0
race_gender,AfricanAmerican / Male,precision,0.2010417884716643,0.02373521153352335,0.17347550730319156,0.018296175049944765,-0.027566281168472713,-0.033097820618321346,-0.02203474171862408,1.0
race_gender,Asian / Female,selection_rate,0.18587450952731835,0.049535811862318896,0.3311855139637051,0.08550726422182038,0.14531100443638673,0.10406147627877879,0.18656053259399466,0.0
race_gender,Asian / Female,tpr,0.40029761904761896,0.25622686657490024,0.6809325396825396,0.1976676267571579,0.2806349206349207,0.16784775306623462,0.39342208820360675,0.0
race_gender,Asian / Female,fpr,0.16854061919698474,0.048023040508836955,0.3006983818689461,0.08347990179872336,0.13215776267196136,0.09404020367951028,0.17027532166441245,0.0
race_gender,Asian / Female,precision,0.1629166520613889,0.10839751962785334,0.17029440989580308,0.0699036430953777,0.007377757834414149,-0.03527594215011697,0.05003145781894527,0.5
race_gender,Asian / Male,selection_rate,0.2189317216834063,0.08209304665750071,0.3455850680640881,0.08623174390307135,0.12665334638068176,0.09917298297163642,0.15413370978972712,0.0
race_gender,Asian / Male,tpr,0.5122002997002997,0.17342280382945827,0.6629131979131979,0.17270049678811827,0.15071289821289824,0.07432599495696209,0.2270998014688344,0.0
race_gender,Asian / Male,fpr,0.17551820876163302,0.08036221031806771,0.295170144254043,0.08057990060473708,0.11965193549240993,0.09014088471895168,0.14916298626586819,0.0
race_gender,Asian / Male,precision,0.3345896193056437,0.13488123393262336,0.26270658889558607,0.09329239104668725,-0.07188303041005754,-0.1379675462858182,-0.005798514534296903,0.8
race_gender,Caucasian / Female,selection_rate,0.2693746084196871,0.037564016924332144,0.41709204335958255,0.04196846847650444,0.1477174349398955,0.1206935656091326,0.17474130427065843,0.0
race_gender,Caucasian / Female,tpr,0.4610204763307027,0.04499592868276433,0.6143607809788644,0.04279089381238635,0.15334030464816178,0.12483911952369797,0.1818414897726256,0.0
race_gender,Caucasian / Female,fpr,0.2437898682302563,0.037006305582204364,0.3907489365586291,0.04222276137367212,0.14695906832837285,0.12004932585855,0.17386881079819572,0.0
race_gender,Caucasian / Female,precision,0.2029093173989646,0.013957813325793064,0.174019135474005,0.00886408054547423,-0.02889018192495956,-0.03524647996410068,-0.022533883885818444,1.0
race_gender,Caucasian / Male,selection_rate,0.2447419459279787,0.03414941415694637,0.3868342841394129,0.04208632493127047,0.14209233821143424,0.11596240253017051,0.16822227389269798,0.0
race_gender,Caucasian / Male,tpr,0.4292346897058751,0.04025553522298177,0.5834107005955127,0.04852093737073233,0.15417601088963756,0.12554058528115908,0.18281143649811604,0.0
race_gender,Caucasian / Male,fpr,0.22096295039353836,0.034042909533675884,0.361506962726397,0.04172269803524661,0.1405440123328586,0.11465308389098934,0.16643494077472784,0.0
race_gender,Caucasian / Male,precision,0.20169319334086774,0.0168912953942839,0.17258120672442975,0.009573913174730461,-0.029111986616437956,-0.035706411793134545,-0.022517561439741367,1.0
race_gender,Hispanic / Female,selection_rate,0.22379035214561277,0.04091674468061918,0.34676546260311747,0.0607102787916219,0.12297511045750475,0.10088754835088712,0.1450626725641224,0.0
race_gender,Hispanic / Female,tpr,0.47213582023559864,0.12574656325193517,0.6192945607258982,0.12529800647490627,0.1471587404902994,0.10238117936751831,0.19193630161308048,0.0
race_gender,Hispanic / Female,fpr,0.19767554837527895,0.044962712569850585,0.31793406066918856,0.05877273365388453,0.1202585122939096,0.09839329954481524,0.14212372504300397,0.0
race_gender,Hispanic / Female,precision,0.2050123455425073,0.07677973085752872,0.16979959472210443,0.042088448806981475,-0.03521275082040288,-0.057080488017051866,-0.013345013623753892,0.8
race_gender,Hispanic / Male,selection_rate,0.24409234143809394,0.05474178596293399,0.3772332997215718,0.05565594845667885,0.1331409582834779,0.10483945418616841,0.1614424623807874,0.0
race_gender,Hispanic / Male,tpr,0.49123201239889214,0.11963029075984988,0.6551765439968764,0.08712937121827154,0.16394453159798428,0.11505382862193544,0.2128352345740331,0.0
race_gender,Hispanic / Male,fpr,0.2119720485791908,0.05548898289197902,0.33990338501450346,0.061282983902593575,0.12793133643531268,0.10044625885143307,0.1554164140191923,0.0
race_gender,Hispanic / Male,precision,0.2382503223671808,0.0651799055536546,0.20693843003545007,0.057982085339129866,-0.03131189233173073,-0.046284621618724146,-0.016339163044737308,0.85
race_gender,Other / Female,selection_rate,0.22214617567586087,0.06051361543418303,0.3754053615040453,0.06483869960475423,0.15325918582818443,0.12133087086245177,0.1851875007939171,0.0
race_gender,Other / Female,tpr,0.4336714315526235,0.16410713400299687,0.5781020064816504,0.13682999821057826,0.14443057492902694,0.09040235661562945,0.19845879324242444,0.0
race_gender,Other / Female,fpr,0.19618790688914695,0.051923049209852266,0.34964555341257036,0.063306722735358,0.15345764652342345,0.12256582128194976,0.18434947176489713,0.0
race_gender,Other / Female,precision,0.20755795563798674,0.06480923369157636,0.16976567689222413,0.053437574958535315,-0.037792278745762596,-0.05184971955984331,-0.023734837931681876,0.9
race_gender,Other / Male,selection_rate,0.23367299981994236,0.052898969928612684,0.36730488153885316,0.07039828457670594,0.13363188171891086,0.10374700807348415,0.16351675536433755,0.0
race_gender,Other / Male,tpr,0.4543309635840595,0.14840717933102401,0.6143363073974529,0.1276446944960127,0.16000534381339332,0.1085092864292177,0.21150140119756894,0.0
race_gender,Other / Male,fpr,0.21012690631930195,0.05084616007101732,0.34099691094701706,0.07272363432915424,0.13087000462771511,0.1005368893810399,0.16120311987439034,0.0
race_gender,Other / Male,precision,0.1841216570786957,0.06402352814443214,0.16072577356906903,0.04942742731307292,-0.023395883509626687,-0.04042490281769802,-0.006366864201555356,0.65
race_gender,Unknown / Female,selection_rate,0.15586491013744386,0.04184033158932896,0.2750522239453551,0.04485639577103087,0.11918731380791134,0.09655092707296542,0.14182370054285726,0.0
race_gender,Unknown / Female,tpr,0.21684043910352968,0.11333125009880626,0.37460937853108733,0.11949297688029861,0.1577689394275577,0.11623285047576763,0.19930502837934777,0.0
race_gender,Unknown / Female,fpr,0.15121840603369213,0.04275269642818743,0.2669201440105399,0.048516029841368186,0.11570173797684769,0.09214718877064594,0.13925628718304942,0.0
race_gender,Unknown / Female,precision,0.10519178626558398,0.050752735487443135,0.10406629957670495,0.04197395778489012,-0.0011254866888790436,-0.01714328052563835,0.014892307147880262,0.45
race_gender,Unknown / Male,selection_rate,0.17907746488628526,0.03410122852713763,0.30448999859044423,0.05736664257238361,0.12541253370415895,0.10018730807812355,0.15063775933019435,0.0
race_gender,Unknown / Male,tpr,0.35007859194469104,0.07625763643421296,0.5076989480770946,0.10986343190827938,0.15762035613240352,0.10354122717611676,0.2116994850886903,0.0
race_gender,Unknown / Male,fpr,0.16308925575619132,0.03613813395314245,0.2851922080741525,0.05586785296784226,0.12210295231796123,0.09780211126388541,0.14640379337203704,0.0
race_gender,Unknown / Male,precision,0.17171138591202836,0.050208043944444634,0.1442285483338148,0.033624215959731675,-0.027482837578213588,-0.046222756904821555,-0.008742918251605617,0.7
