seed,auc,precision,recall,f1
0,0.6486025303495341,0.1584780621572212,0.635946813388354,0.25372724778194455
1,0.6687955316210544,0.17699468085106382,0.5891987605135015,0.2722159730033746
2,0.6580210814431459,0.1763496143958869,0.5888412017167381,0.27141444114737884
3,0.6510896438812718,0.1610954909923982,0.6668103448275862,0.2594984483770863
4,0.6649528180278316,0.17815934065934066,0.5767007558915074,0.2722216392066324
5,0.6533567807418723,0.1734166893177494,0.5576923076923077,0.2645656230561891
6,0.6613191697598292,0.17149283103739105,0.5671780567178056,0.2633567188343227
7,0.6582376320401988,0.1739355506664941,0.5925925925925926,0.2689344672336168
8,0.6595240934222029,0.1673446327683616,0.6323654995730145,0.2646533238027162
9,0.6584124523122638,0.1780097425191371,0.5669326241134752,0.2709458743777142
10,0.6468696075360734,0.17537490134175218,0.5029425079221367,0.26006554307116103
11,0.6504958228908805,0.16338439095550694,0.6067720090293454,0.25744660473134756
12,0.6630114119887882,0.18309467537884053,0.5657216494845361,0.2766516122256066
13,0.6647864508131467,0.17299624641201147,0.6702309666381523,0.275008775008775
14,0.6701295949831768,0.18032381658633048,0.6161317567567568,0.2789941677024572
15,0.6620444229517881,0.1796747967479675,0.5803063457330416,0.2743921365752716
16,0.6620551426662077,0.17084089534180277,0.6247787610619469,0.26831353919239903
17,0.6550412307291158,0.17371701365866596,0.5758241758241758,0.26691116544417276
18,0.6574608773612198,0.1625750136388434,0.6584180291648255,0.2607630381519076
19,0.6531507607593978,0.17456093666844066,0.5777190664905328,0.268110759170328
