feature,auc
number_inpatient,0.623476555221394
diag_2,0.5684130214855938
diag_3,0.5642731323675212
discharge_disposition_id,0.5615960072801975
diag_1,0.5599361887633478
num_medications,0.5487265141738916
number_diagnoses,0.5474086859740191
time_in_hospital,0.5469539985417847
insulin,0.5374385713476351
number_emergency,0.5358485492289159
age,0.5293282178510208
payer_code,0.5244775727566078
number_outpatient,0.5233591095442917
medical_specialty,0.5227653106702662
num_lab_procedures,0.5224689407231705
metformin,0.5170250021769256
diabetesMed,0.5159836158490965
A1Cresult,0.5157436365781455
change,0.5109799963041604
glyburide,0.5046931940473204
admission_type_id,0.5045251532018905
num_procedures,0.5044381965169095
pioglitazone,0.5033475916945366
repaglinide,0.5015384329534114
gender,0.5015074698271373
rosiglitazone,0.5014396108807482
glimepiride,0.5014019930289283
glipizide,0.5013333037460785
admission_source_id,0.5011923390895787
nateglinide,0.5011424948342242
max_glu_serum,0.5011378617974518
race,0.5006076859504809
glyburide-metformin,0.5004988878064297
tolazamide,0.5002536497378953
tolbutamide,0.5001972831294741
miglitol,0.5001690998252635
acarbose,0.5001413978755228
chlorpropamide,0.500108521365231
glipizide-metformin,0.5000281833042106
acetohexamide,0.5
troglitazone,0.5
examide,0.5
citoglipton,0.5
glimepiride-pioglitazone,0.5
metformin-rosiglitazone,0.5
metformin-pioglitazone,0.5
