race,gender,n,positives,rate,ci95
AfricanAmerican,Female,11463,1295,0.11297217133385676,0.005795104686240179
AfricanAmerican,Male,7309,854,0.11684224928170749,0.0073645495271004655
Asian,Female,316,24,0.0759493670886076,0.029209390444855363
Asian,Male,312,41,0.13141025641025642,0.03748873224289471
Caucasian,Female,38737,4541,0.11722642434881379,0.0032035425822135592
Caucasian,Male,35483,4015,0.11315277738635403,0.003296119283741987
Hispanic,Female,1086,100,0.09208103130755065,0.017196885154983285
Hispanic,Male,931,112,0.12030075187969924,0.020896931162993966
Other,Female,734,77,0.10490463215258855,0.022168689921264577
Other,Male,737,67,0.09090909090909091,0.02075532997232817
Unknown,Female,1118,91,0.08139534883720931,0.0160287362967632
Unknown,Male,1114,97,0.08707360861759425,0.016556732368924337
