race,discharge_disposition_id,n,positives,rate,ci95
AfricanAmerican,1,12291,1203,0.09787649499633878,0.005253329791761249
AfricanAmerican,2,209,44,0.21052631578947367,0.05527197109276667
AfricanAmerican,3,1856,271,0.14601293103448276,0.016065283441039562
AfricanAmerican,4,199,24,0.12060301507537688,0.04524817859418342
AfricanAmerican,5,226,52,0.23008849557522124,0.054874390387066534
AfricanAmerican,6,2151,277,0.12877731287773128,0.014155334405236484
AfricanAmerican,7,144,17,0.11805555555555555,0.052703402557310944
AfricanAmerican,8,18,4,0.2222222222222222,0.19206194702542953
AfricanAmerican,9,1,0,0.0,0.0
AfricanAmerican,15,19,7,0.3684210526315789,0.21690287721140625
AfricanAmerican,16,4,0,0.0,0.0
AfricanAmerican,17,4,0,0.0,0.0
AfricanAmerican,18,959,149,0.1553701772679875,0.022927874942306355
AfricanAmerican,22,357,76,0.21288515406162464,0.042463296216640634
AfricanAmerican,23,125,6,0.048,0.037474871965091486
AfricanAmerican,24,6,1,0.16666666666666666,0.29820450353059047
AfricanAmerican,25,175,12,0.06857142857142857,0.03744410233935379
AfricanAmerican,27,2,0,0.0,0.0
AfricanAmerican,28,26,6,0.23076923076923078,0.1619521330519948
Asian,1,450,35,0.07777777777777778,0.024745450871226853
Asian,2,25,2,0.08,0.1063469341354042
Asian,3,66,17,0.25757575757575757,0.10550248005480936
Asian,4,1,1,1.0,0.0
Asian,5,6,0,0.0,0.0
Asian,6,49,4,0.08163265306122448,0.07666518779999279
Asian,7,3,0,0.0,0.0
Asian,18,13,2,0.15384615384615385,0.1961337731926865
Asian,22,10,4,0.4,0.3036418943426615
Asian,25,5,0,0.0,0.0
Caucasian,1,43654,4102,0.0939661886654144,0.002737171804808232
Caucasian,2,1746,274,0.15693012600229095,0.017061566323206347
Caucasian,3,11387,1643,0.1442873452182313,0.006454008153810352
Caucasian,4,553,71,0.12839059674502712,0.027881816708687463
Caucasian,5,869,173,0.19907940161104717,0.026549361322332352
Caucasian,6,10120,1284,0.12687747035573121,0.006484786287680707
Caucasian,7,427,70,0.16393442622950818,0.03511538116433744
Caucasian,8,85,10,0.11764705882352941,0.06849491238473934
Caucasian,9,20,9,0.45,0.2180362355206125
Caucasian,10,5,0,0.0,0.0
Caucasian,12,3,2,0.6666666666666666,0.533444432872781
Caucasian,15,43,20,0.46511627906976744,0.1490844350192682
Caucasian,16,7,0,0.0,0.0
Caucasian,17,10,0,0.0,0.0
Caucasian,18,2520,284,0.1126984126984127,0.012346683909719625
Caucasian,22,1571,465,0.29598981540420116,0.02257334055858726
Caucasian,23,275,24,0.08727272727272728,0.0333579621990557
Caucasian,24,42,6,0.14285714285714285,0.10583005244258362
Caucasian,25,771,74,0.0959792477302205,0.02079250206056201
Caucasian,27,3,0,0.0,0.0
Caucasian,28,109,45,0.41284403669724773,0.09242991812269144
Hispanic,1,1390,97,0.06978417266187051,0.013394268501322809
Hispanic,2,33,6,0.18181818181818182,0.13159599399245026
Hispanic,3,163,38,0.2331288343558282,0.06491147376474703
Hispanic,4,3,1,0.3333333333333333,0.533444432872781
Hispanic,5,27,7,0.25925925925925924,0.16530060494881324
Hispanic,6,221,40,0.18099547511312217,0.05076179184904879
Hispanic,7,23,1,0.043478260869565216,0.08334425286667639
Hispanic,8,1,0,0.0,0.0
Hispanic,10,1,0,0.0,0.0
Hispanic,18,126,14,0.1111111111111111,0.054874842007265584
Hispanic,22,16,5,0.3125,0.2271210786673047
Hispanic,23,1,0,0.0,0.0
Hispanic,25,9,3,0.3333333333333333,0.3079842869168074
Hispanic,28,3,0,0.0,0.0
Other,1,982,78,0.07942973523421588,0.016912988604732133
Other,2,48,7,0.14583333333333334,0.0998470328895749
Other,3,142,21,0.14788732394366197,0.05838830760131394
Other,4,9,0,0.0,0.0
Other,5,15,6,0.4,0.2479225685572009
Other,6,157,17,0.10828025477707007,0.048606580721634575
Other,7,14,2,0.14285714285714285,0.1833030277982336
Other,8,3,1,0.3333333333333333,0.533444432872781
Other,15,1,1,1.0,0.0
Other,18,55,8,0.14545454545454545,0.09317640701885671
Other,22,27,2,0.07407407407407407,0.09878600608755203
Other,23,5,0,0.0,0.0
Other,25,13,1,0.07692307692307693,0.14485439144214035
Unknown,1,1465,87,0.059385665529010236,0.012102744622198344
Unknown,2,67,9,0.13432835820895522,0.08165431104298611
Unknown,3,340,56,0.16470588235294117,0.03942674094426084
Unknown,4,50,7,0.14,0.09617989810766073
Unknown,5,41,9,0.21951219512195122,0.12669997528197027
Unknown,6,204,16,0.0784313725490196,0.036893489678110805
Unknown,7,12,0,0.0,0.0
Unknown,8,1,0,0.0,0.0
Unknown,18,18,2,0.1111111111111111,0.14518518518518517
Unknown,22,11,0,0.0,0.0
Unknown,23,6,0,0.0,0.0
Unknown,25,16,2,0.125,0.16205226780270618
Unknown,28,1,0,0.0,0.0
