attribute,metric,baseline_mean,baseline_std,new_mean,new_std,diff_mean,diff_ci_low,diff_ci_high,share_seeds_lower
gender,demographic_parity_gap,0.01682866348897467,0.008528435729851864,0.016389709299544048,0.009251649059275602,-0.00043895418943063044,-0.0032311346037521846,0.0023532262248909235,0.55
gender,tpr_gap,0.029380385348595828,0.01834710434553031,0.02522161540144361,0.019342215407007115,-0.00415876994715222,-0.012662498650303947,0.004344958755999508,0.6
gender,fpr_gap,0.01590032506879733,0.008467487052756536,0.016281995007899248,0.008225107531990065,0.0003816699391019151,-0.002397631978578545,0.003160971856782375,0.55
gender,precision_gap,0.010161623223381194,0.007498248910774515,0.0075987180124840546,0.005615127152891248,-0.00256290521089714,-0.006358019439245018,0.001232209017450739,0.6
gender,equalized_odds_gap,0.03233738849404533,0.01573685774475649,0.02946002176217095,0.01587133142226707,-0.0028773667318743807,-0.010515674151007157,0.004760940687258396,0.65
race,demographic_parity_gap,0.1044646416619777,0.025186045061981563,0.0797320090404316,0.02690336478998895,-0.0247326326215461,-0.0400443925247579,-0.009420872718334297,0.8
race,tpr_gap,0.29705390468968945,0.11171389483765334,0.2260207787709328,0.08755332066457822,-0.07103312591875664,-0.13054719981575427,-0.011519052021759013,0.75
race,fpr_gap,0.09346925705616284,0.024545815240649395,0.07891715828390805,0.026845103472973888,-0.01455209877225477,-0.02937957116244943,0.00027537361793989086,0.75
race,precision_gap,0.14363595216674901,0.0663615940095222,0.08469794601058105,0.026975073297568385,-0.058938006156167996,-0.09128750682707772,-0.026588505485258276,0.8
race,equalized_odds_gap,0.29705390468968945,0.11171389483765334,0.2260207787709328,0.08755332066457822,-0.07103312591875664,-0.13054719981575427,-0.011519052021759013,0.75
race_gender,demographic_parity_gap,0.152169027284005,0.03468601035434884,0.137318334187568,0.03830040295146752,-0.014850693096436995,-0.03865822697214456,0.008956840779270569,0.65
race_gender,tpr_gap,0.5094495977000519,0.10604522732902773,0.4089947250442029,0.11830258757062385,-0.10045487265584903,-0.16610308504822763,-0.03480666026347044,0.75
race_gender,fpr_gap,0.1401856892753,0.03451097655064529,0.14099836174235442,0.03849403091474862,0.0008126724670544247,-0.022327669964027217,0.023953014898136064,0.45
race_gender,precision_gap,0.3014452756449902,0.10849100228471685,0.1549102190373615,0.056305046435858146,-0.14653505660762872,-0.20911571016026603,-0.08395440305499142,0.95
race_gender,equalized_odds_gap,0.5094495977000519,0.10604522732902773,0.40918222504420293,0.11798147518045406,-0.10026737265584902,-0.16576277164218156,-0.03477197366951647,0.75
