attribute,group,n,positives,metric,estimate,ci_low,ci_high
race,AfricanAmerican,3674,407,selection_rate,0.44801306477953184,0.42650613595723125,0.468892253466272
race,Asian,145,17,selection_rate,0.5172413793103449,0.42857142857142855,0.5988662790697674
race,Caucasian,14757,1666,selection_rate,0.4597817984685234,0.4509896254777601,0.4694070156255787
race,Hispanic,400,33,selection_rate,0.44,0.3869031798109002,0.4940464119882904
race,Other,318,27,selection_rate,0.4308176100628931,0.37853284792018194,0.4904057017543859
race,Unknown,445,31,selection_rate,0.47415730337078654,0.4319137880202447,0.5232846629239987
race,AfricanAmerican,3674,407,tpr,0.6142506142506142,0.5616684075204885,0.6607835330353453
race,Asian,145,17,tpr,0.5882352941176471,0.29411764705882354,0.8333333333333334
race,Caucasian,14757,1666,tpr,0.6584633853541416,0.6360777182292704,0.6839936729483483
race,Hispanic,400,33,tpr,0.5151515151515151,0.3331081081081081,0.6666666666666666
race,Other,318,27,tpr,0.48148148148148145,0.23518099547511312,0.7
race,Unknown,445,31,tpr,0.6451612903225806,0.4705422794117647,0.8214285714285714
race,AfricanAmerican,3674,407,fpr,0.4273033363942455,0.40694335392245334,0.4476275256980304
race,Asian,145,17,fpr,0.5078125,0.4144144144144144,0.5920230088495575
race,Caucasian,14757,1666,fpr,0.43449698265984266,0.4256834296577077,0.4444870176011595
race,Hispanic,400,33,fpr,0.4332425068119891,0.3802798562206573,0.48958864795918366
race,Other,318,27,fpr,0.4261168384879725,0.3720716341292681,0.4884005529354366
race,Unknown,445,31,fpr,0.4613526570048309,0.4160715167475928,0.5106476708220077
race,AfricanAmerican,3674,407,precision,0.15188335358444716,0.1326166216176385,0.17039143038125265
race,Asian,145,17,precision,0.13333333333333333,0.04543758480325645,0.2159280303030303
race,Caucasian,14757,1666,precision,0.16168017686072217,0.15244646216340743,0.17127917120077096
race,Hispanic,400,33,precision,0.09659090909090909,0.04891774891774892,0.1457371125289368
race,Other,318,27,precision,0.0948905109489051,0.039347365233192,0.15334615384615383
race,Unknown,445,31,precision,0.0947867298578199,0.05846681922196796,0.1370608141733851
gender,Female,10521,1163,selection_rate,0.4624085163007319,0.4518814984833252,0.4740713558504719
gender,Male,9218,1018,selection_rate,0.45183336949446734,0.4403712449524409,0.4639453158614465
gender,Female,10521,1163,tpr,0.646603611349957,0.6190858783879178,0.674856571880004
gender,Male,9218,1018,tpr,0.6434184675834971,0.6116492974140819,0.675131847847584
gender,Female,10521,1163,fpr,0.4395169908100021,0.4286005335851098,0.4510723349751169
gender,Male,9218,1018,fpr,0.42804878048780487,0.4169767995173207,0.44036226136528234
gender,Female,10521,1163,precision,0.15457348406988694,0.14457114900754822,0.16436793634461458
gender,Male,9218,1018,precision,0.15726290516206481,0.14587854858118043,0.16969259092973982
race_gender,AfricanAmerican / Female,2197,228,selection_rate,0.4328629949931725,0.40698719341896866,0.45737164687000975
race_gender,AfricanAmerican / Male,1477,179,selection_rate,0.47054840893703453,0.4355498853591291,0.504330880862034
race_gender,Asian / Female,78,7,selection_rate,0.5128205128205128,0.40383771929824563,0.613646331738437
race_gender,Asian / Male,67,10,selection_rate,0.5223880597014925,0.3636034255599473,0.6555601092896175
race_gender,Caucasian / Female,7626,873,selection_rate,0.471413585103593,0.45879454512940365,0.4853030956693093
race_gender,Caucasian / Male,7131,793,selection_rate,0.4473425886972374,0.4346429717780095,0.4606826621470643
race_gender,Hispanic / Female,223,22,selection_rate,0.4618834080717489,0.39836724078141256,0.5301217802243458
race_gender,Hispanic / Male,177,11,selection_rate,0.4124293785310734,0.32821861471861474,0.49527325023969315
race_gender,Other / Female,155,14,selection_rate,0.4064516129032258,0.3333333333333333,0.4765203923593185
race_gender,Other / Male,163,13,selection_rate,0.4539877300613497,0.36746680599950826,0.5395088546838794
race_gender,Unknown / Female,242,19,selection_rate,0.4669421487603306,0.4017076502732241,0.5351664650889121
race_gender,Unknown / Male,203,12,selection_rate,0.4827586206896552,0.4166346153846154,0.5537943548387096
race_gender,AfricanAmerican / Female,2197,228,tpr,0.6096491228070176,0.5425259470679813,0.6697280628594003
race_gender,AfricanAmerican / Male,1477,179,tpr,0.6201117318435754,0.5374104429005645,0.7039264855256475
race_gender,Asian / Female,78,7,tpr,0.5714285714285714,0.0,1.0
race_gender,Asian / Male,67,10,tpr,0.6,0.14285714285714285,0.9092803030303028
race_gender,Caucasian / Female,7626,873,tpr,0.6666666666666666,0.6348811931243681,0.6995201635254988
race_gender,Caucasian / Male,7131,793,tpr,0.6494325346784363,0.615105925958676,0.6837418873510424
race_gender,Hispanic / Female,223,22,tpr,0.5,0.25,0.6842927631578947
race_gender,Hispanic / Male,177,11,tpr,0.5454545454545454,0.2222222222222222,0.8461538461538461
race_gender,Other / Female,155,14,tpr,0.35714285714285715,0.06656250000000001,0.6924999999999998
race_gender,Other / Male,163,13,tpr,0.6153846153846154,0.25,0.875
race_gender,Unknown / Female,242,19,tpr,0.5789473684210527,0.3333333333333333,0.8076923076923077
race_gender,Unknown / Male,203,12,tpr,0.75,0.46653846153846157,1.0
race_gender,AfricanAmerican / Female,2197,228,fpr,0.41239207719654647,0.38542433066021725,0.4371608616765309
race_gender,AfricanAmerican / Male,1477,179,fpr,0.44992295839753466,0.4166617181314331,0.48206383819677967
race_gender,Asian / Female,78,7,fpr,0.5070422535211268,0.3950617283950617,0.6154069767441861
race_gender,Asian / Male,67,10,fpr,0.5087719298245614,0.36354545454545456,0.6461764705882354
race_gender,Caucasian / Female,7626,873,fpr,0.4461720716718495,0.43288408209219487,0.460064744408343
race_gender,Caucasian / Male,7131,793,fpr,0.42205743136636165,0.4089479586606373,0.4358539984365401
race_gender,Hispanic / Female,223,22,fpr,0.4577114427860697,0.39079058031959635,0.5310914078573528
race_gender,Hispanic / Male,177,11,fpr,0.4036144578313253,0.3197593669250646,0.48354037267080746
race_gender,Other / Female,155,14,fpr,0.41134751773049644,0.3216720779220779,0.5
race_gender,Other / Male,163,13,fpr,0.44,0.3589705882352941,0.5224973606816983
race_gender,Unknown / Female,242,19,fpr,0.45739910313901344,0.3910921052631579,0.521351874576845
race_gender,Unknown / Male,203,12,fpr,0.46596858638743455,0.39680814354727395,0.5412478522336769
race_gender,AfricanAmerican / Female,2197,228,precision,0.14616193480546794,0.1221896386752747,0.16738287211824243
race_gender,AfricanAmerican / Male,1477,179,precision,0.15971223021582734,0.13030647186638838,0.19226352493010965
race_gender,Asian / Female,78,7,precision,0.1,0.0,0.20930232558139536
race_gender,Asian / Male,67,10,precision,0.17142857142857143,0.03333333333333333,0.288143741851369
race_gender,Caucasian / Female,7626,873,precision,0.1618915159944367,0.14986036212477893,0.1735189835299334
race_gender,Caucasian / Male,7131,793,precision,0.1614420062695925,0.147948087721267,0.17572981141983868
race_gender,Hispanic / Female,223,22,precision,0.10679611650485436,0.03881645862228386,0.18112025769506085
race_gender,Hispanic / Male,177,11,precision,0.0821917808219178,0.024655469422911285,0.14285714285714285
race_gender,Other / Female,155,14,precision,0.07936507936507936,0.014285714285714285,0.16327458256029684
race_gender,Other / Male,163,13,precision,0.10810810810810811,0.029839771729587357,0.19737248213125405
race_gender,Unknown / Female,242,19,precision,0.09734513274336283,0.04346657316503039,0.15836436170212762
race_gender,Unknown / Male,203,12,precision,0.09183673469387756,0.04038403840384039,0.14943965517241378
